timestamp,vendor,user_id,action,success,country,ip
2025-08-04 10:09:24.482343,PayFlow Payroll,user18,config_change,1,SG,36.189.27.174
2025-08-05 07:05:11.482343,PayFlow Payroll,user6,login,1,IN,9.8.24.56
2025-08-04 14:40:15.482343,CloudBox Storage,user2,file_download,1,DE,184.167.180.140
2025-08-04 20:22:05.482343,SalesSpark CRM,user38,login,1,AE,223.2.195.207
2025-08-04 12:52:04.482343,SalesSpark CRM,user22,login,1,IN,56.246.196.87
2025-08-04 10:13:01.482343,CloudBox Storage,user7,login,1,US,89.155.68.207
2025-08-04 08:54:06.482343,PayFlow Payroll,user35,login,1,DE,237.97.21.142
2025-08-04 17:01:17.482343,CloudBox Storage,user40,login,1,US,93.148.50.181
2025-08-04 09:10:19.482343,PayFlow Payroll,user15,api_call,1,IN,253.21.219.60
2025-08-04 10:31:54.482343,PayFlow Payroll,user30,api_call,1,IN,94.42.95.91
2025-08-04 13:49:54.482343,PayFlow Payroll,user5,login,1,IN,44.137.187.63
2025-08-04 12:37:01.482343,SalesSpark CRM,user18,config_change,1,BR,164.177.143.57
2025-08-05 04:28:30.482343,CloudBox Storage,user4,login,1,SG,9.207.81.103
2025-08-04 15:11:50.482343,PayFlow Payroll,user37,login,1,US,81.55.168.128
2025-08-04 20:04:35.482343,CloudBox Storage,user30,file_download,1,IN,36.64.191.144
2025-08-05 00:24:24.482343,PayFlow Payroll,user38,login,1,US,150.103.93.57
2025-08-04 11:40:08.482343,PayFlow Payroll,user6,login,1,AE,221.29.40.161
2025-08-04 12:58:20.482343,SalesSpark CRM,user28,file_download,1,GB,99.98.153.120
2025-08-04 23:24:12.482343,PayFlow Payroll,user1,file_download,1,IN,30.175.227.138
2025-08-04 15:57:18.482343,CloudBox Storage,user22,login,0,IN,112.41.117.1
2025-08-05 07:04:23.482343,PayFlow Payroll,user17,login,1,BR,196.46.130.234
2025-08-04 11:03:17.482343,PayFlow Payroll,user20,login,1,US,130.156.51.40
2025-08-04 18:55:47.482343,CloudBox Storage,user35,api_call,1,IN,237.136.236.1
2025-08-05 02:28:08.482343,SalesSpark CRM,user2,api_call,0,IN,93.225.253.213
2025-08-04 16:22:40.482343,CloudBox Storage,user16,api_call,1,SG,243.21.22.188
2025-08-04 22:59:41.482343,SalesSpark CRM,user35,api_call,1,IN,33.169.122.243
2025-08-05 00:17:53.482343,PayFlow Payroll,user34,login,1,GB,109.247.55.238
2025-08-05 00:56:23.482343,PayFlow Payroll,user13,login,1,IN,103.172.167.96
2025-08-04 22:05:10.482343,CloudBox Storage,user29,login,1,SG,58.17.87.6
2025-08-05 01:42:51.482343,PayFlow Payroll,user38,file_download,1,US,19.182.162.16
2025-08-04 14:12:34.482343,CloudBox Storage,user3,api_call,1,BR,19.132.61.72
2025-08-05 04:38:50.482343,PayFlow Payroll,user35,api_call,1,US,240.226.147.148
2025-08-04 22:23:27.482343,PayFlow Payroll,user31,login,1,IN,49.25.25.169
2025-08-04 20:30:04.482343,CloudBox Storage,user27,login,1,DE,187.14.173.168
2025-08-05 03:13:40.482343,CloudBox Storage,user26,api_call,1,JP,205.221.28.64
2025-08-04 13:20:11.482343,CloudBox Storage,user29,login,1,BR,47.72.119.64
2025-08-04 09:36:28.482343,CloudBox Storage,user36,login,0,IN,167.139.215.4
2025-08-04 10:07:25.482343,CloudBox Storage,user16,file_download,1,BR,125.124.55.222
2025-08-04 20:04:40.482343,PayFlow Payroll,user11,file_download,1,BR,253.100.68.238
2025-08-04 21:26:04.482343,CloudBox Storage,user36,file_download,1,US,125.40.49.76
2025-08-04 13:11:14.482343,SalesSpark CRM,user35,file_download,0,IN,81.15.13.150
2025-08-04 22:40:35.482343,CloudBox Storage,user34,login,1,US,246.131.21.218
2025-08-04 12:12:15.482343,SalesSpark CRM,user5,file_download,1,IN,61.104.31.242
2025-08-05 01:23:14.482343,PayFlow Payroll,user39,login,0,IN,21.108.169.150
2025-08-05 01:40:57.482343,CloudBox Storage,user17,login,1,JP,184.81.62.68
2025-08-04 19:16:19.482343,CloudBox Storage,user20,api_call,1,SG,238.193.240.19
2025-08-04 07:37:16.482343,PayFlow Payroll,user37,config_change,1,AE,19.138.55.130
2025-08-04 15:16:36.482343,CloudBox Storage,user23,login,1,IN,226.63.95.73
2025-08-04 12:36:30.482343,CloudBox Storage,user35,login,1,DE,157.252.253.207
2025-08-05 03:40:37.482343,PayFlow Payroll,user36,login,1,IN,170.27.241.225
2025-08-04 11:23:44.482343,SalesSpark CRM,user7,login,1,IN,40.70.73.155
2025-08-04 13:52:58.482343,PayFlow Payroll,user14,config_change,1,IN,219.68.130.126
2025-08-04 16:05:35.482343,PayFlow Payroll,user4,api_call,0,IN,109.213.71.12
2025-08-04 07:29:26.482343,SalesSpark CRM,user9,login,1,DE,68.42.190.114
2025-08-05 00:53:04.482343,PayFlow Payroll,user36,api_call,0,IN,20.242.227.177
2025-08-04 11:41:39.482343,SalesSpark CRM,user24,login,1,IN,38.111.33.11
2025-08-04 16:31:34.482343,CloudBox Storage,user3,api_call,1,SG,54.175.64.171
2025-08-04 10:30:26.482343,CloudBox Storage,user36,api_call,1,IN,105.250.159.192
2025-08-04 12:07:36.482343,PayFlow Payroll,user16,login,1,SG,250.205.208.46
2025-08-04 20:08:48.482343,PayFlow Payroll,user22,file_download,1,IN,106.206.172.222
2025-08-05 14:24:47.482343,CloudBox Storage,user7,login,1,JP,10.220.121.57
2025-08-05 14:00:35.482343,SalesSpark CRM,user30,login,1,SG,211.204.224.59
2025-08-05 14:09:19.482343,SalesSpark CRM,user13,api_call,1,US,72.222.18.248
2025-08-05 15:30:18.482343,CloudBox Storage,user33,login,1,GB,252.216.138.85
2025-08-05 07:15:33.482343,SalesSpark CRM,user17,api_call,1,IN,247.252.68.10
2025-08-05 10:46:04.482343,CloudBox Storage,user23,api_call,1,GB,81.112.156.252
2025-08-05 23:15:01.482343,SalesSpark CRM,user37,api_call,1,DE,12.182.112.1
2025-08-06 00:07:28.482343,CloudBox Storage,user35,login,1,GB,241.190.189.172
2025-08-05 13:31:04.482343,PayFlow Payroll,user5,login,1,IN,236.85.160.81
2025-08-06 05:01:44.482343,PayFlow Payroll,user20,login,1,IN,171.105.84.104
2025-08-06 05:26:12.482343,PayFlow Payroll,user9,api_call,1,SG,171.241.98.174
2025-08-06 07:04:48.482343,CloudBox Storage,user40,api_call,1,IN,104.141.214.1
2025-08-05 16:25:50.482343,CloudBox Storage,user28,api_call,1,DE,156.168.83.120
2025-08-05 21:36:20.482343,SalesSpark CRM,user14,api_call,1,DE,204.231.246.204
2025-08-06 06:18:19.482343,CloudBox Storage,user6,login,1,IN,170.163.159.86
2025-08-05 10:00:25.482343,CloudBox Storage,user16,config_change,1,US,58.207.51.38
2025-08-05 07:09:52.482343,SalesSpark CRM,user31,api_call,1,BR,197.19.117.107
2025-08-06 03:43:49.482343,PayFlow Payroll,user25,api_call,1,US,63.38.168.177
2025-08-05 08:05:25.482343,CloudBox Storage,user7,api_call,1,IN,57.46.206.246
2025-08-06 05:41:06.482343,CloudBox Storage,user4,api_call,1,IN,235.218.32.117
2025-08-05 11:59:06.482343,SalesSpark CRM,user34,config_change,1,JP,153.82.244.194
2025-08-05 21:47:29.482343,PayFlow Payroll,user33,login,1,JP,233.141.115.230
2025-08-05 12:55:32.482343,PayFlow Payroll,user31,config_change,1,AE,193.64.216.164
2025-08-05 15:57:26.482343,SalesSpark CRM,user34,login,1,US,62.71.113.20
2025-08-06 05:25:52.482343,SalesSpark CRM,user18,login,1,IN,229.139.21.36
2025-08-05 11:22:01.482343,PayFlow Payroll,user10,file_download,1,SG,17.107.105.85
2025-08-06 00:37:03.482343,PayFlow Payroll,user4,login,1,DE,108.100.232.198
2025-08-06 01:51:38.482343,SalesSpark CRM,user37,login,1,US,2.242.91.77
2025-08-05 20:02:34.482343,SalesSpark CRM,user27,api_call,1,SG,189.140.205.155
2025-08-05 14:38:51.482343,SalesSpark CRM,user18,login,1,IN,8.100.87.172
2025-08-06 04:59:02.482343,SalesSpark CRM,user11,api_call,1,GB,236.33.252.160
2025-08-06 00:09:35.482343,SalesSpark CRM,user26,api_call,1,US,170.7.22.165
2025-08-05 20:16:32.482343,SalesSpark CRM,user30,api_call,1,SG,67.98.84.55
2025-08-05 21:27:58.482343,SalesSpark CRM,user25,file_download,1,IN,244.213.108.65
2025-08-05 09:37:38.482343,PayFlow Payroll,user35,login,0,DE,244.90.58.167
2025-08-05 09:57:18.482343,CloudBox Storage,user3,login,1,US,244.64.52.215
2025-08-05 07:46:46.482343,CloudBox Storage,user16,api_call,1,IN,172.30.145.243
2025-08-05 13:37:21.482343,CloudBox Storage,user17,api_call,1,US,43.156.156.247
2025-08-06 06:52:44.482343,CloudBox Storage,user11,api_call,1,BR,28.149.7.238
2025-08-05 16:44:20.482343,CloudBox Storage,user25,api_call,1,IN,184.51.20.152
2025-08-06 06:01:17.482343,CloudBox Storage,user16,api_call,0,US,198.78.218.176
2025-08-06 02:58:44.482343,PayFlow Payroll,user37,api_call,1,AE,89.137.110.170
2025-08-05 18:12:09.482343,PayFlow Payroll,user22,login,0,BR,108.211.126.28
2025-08-05 20:31:17.482343,CloudBox Storage,user30,login,1,IN,112.46.188.134
2025-08-06 03:25:16.482343,CloudBox Storage,user35,config_change,1,GB,120.112.212.188
2025-08-06 01:24:57.482343,PayFlow Payroll,user16,login,1,IN,23.72.226.116
2025-08-05 14:56:06.482343,CloudBox Storage,user37,login,1,US,98.87.8.127
2025-08-05 17:19:08.482343,SalesSpark CRM,user14,api_call,1,IN,67.88.72.226
2025-08-06 02:52:33.482343,SalesSpark CRM,user18,api_call,1,DE,133.243.49.22
2025-08-05 14:54:03.482343,PayFlow Payroll,user32,login,1,IN,62.177.122.166
2025-08-06 05:39:05.482343,PayFlow Payroll,user2,api_call,0,IN,57.104.178.63
2025-08-05 16:50:14.482343,CloudBox Storage,user24,login,1,IN,136.89.109.191
2025-08-06 00:28:59.482343,SalesSpark CRM,user30,api_call,1,US,65.60.31.185
2025-08-05 13:27:44.482343,CloudBox Storage,user35,login,1,US,177.48.50.56
2025-08-06 06:37:54.482343,CloudBox Storage,user38,login,1,US,135.153.73.252
2025-08-05 11:00:49.482343,PayFlow Payroll,user19,api_call,1,IN,46.78.4.182
2025-08-06 00:15:54.482343,PayFlow Payroll,user3,api_call,1,US,142.75.179.242
2025-08-05 11:48:32.482343,SalesSpark CRM,user32,api_call,0,IN,4.147.73.121
2025-08-05 22:35:58.482343,CloudBox Storage,user12,api_call,1,IN,65.241.221.123
2025-08-05 10:59:41.482343,PayFlow Payroll,user26,file_download,1,DE,148.162.176.14
2025-08-05 11:17:28.482343,PayFlow Payroll,user37,api_call,1,US,22.64.31.143
2025-08-05 20:46:15.482343,PayFlow Payroll,user40,file_download,1,US,134.98.116.233
2025-08-05 21:27:32.482343,SalesSpark CRM,user38,file_download,1,IN,79.146.159.16
2025-08-07 06:14:25.482343,CloudBox Storage,user14,login,1,IN,68.170.21.41
2025-08-06 14:19:12.482343,CloudBox Storage,user5,api_call,1,IN,105.116.177.153
2025-08-06 22:25:39.482343,CloudBox Storage,user15,api_call,1,IN,73.180.221.117
2025-08-06 09:50:51.482343,SalesSpark CRM,user17,login,1,IN,161.151.170.206
2025-08-06 13:34:44.482343,PayFlow Payroll,user35,api_call,1,GB,39.233.69.212
2025-08-06 11:11:40.482343,SalesSpark CRM,user11,api_call,1,IN,153.192.212.146
2025-08-06 16:35:44.482343,CloudBox Storage,user30,api_call,1,BR,180.104.242.70
2025-08-06 23:42:08.482343,SalesSpark CRM,user29,login,0,US,11.228.111.189
2025-08-06 17:45:53.482343,SalesSpark CRM,user2,login,0,JP,247.173.215.221
2025-08-07 01:44:38.482343,SalesSpark CRM,user18,login,1,BR,196.194.45.121
2025-08-06 23:49:05.482343,SalesSpark CRM,user18,login,1,JP,150.112.163.209
2025-08-06 22:13:07.482343,PayFlow Payroll,user23,api_call,1,IN,83.172.27.220
2025-08-06 12:29:03.482343,SalesSpark CRM,user32,login,1,IN,242.103.209.195
2025-08-07 00:10:06.482343,SalesSpark CRM,user6,login,1,IN,83.30.249.198
2025-08-06 20:03:09.482343,SalesSpark CRM,user1,config_change,1,DE,139.119.106.14
2025-08-06 13:41:00.482343,PayFlow Payroll,user40,login,1,IN,161.114.195.14
2025-08-06 13:25:12.482343,CloudBox Storage,user9,api_call,1,BR,113.226.179.125
2025-08-06 10:09:17.482343,SalesSpark CRM,user39,api_call,1,IN,182.41.80.142
2025-08-06 07:43:03.482343,PayFlow Payroll,user6,login,1,US,216.234.30.119
2025-08-06 10:49:30.482343,PayFlow Payroll,user10,file_download,1,US,184.75.131.181
2025-08-06 15:34:30.482343,CloudBox Storage,user31,login,1,BR,63.117.142.38
2025-08-06 19:20:35.482343,PayFlow Payroll,user39,login,1,IN,226.35.222.18
2025-08-06 15:57:27.482343,SalesSpark CRM,user27,login,1,BR,202.130.69.211
2025-08-06 07:26:23.482343,SalesSpark CRM,user20,login,1,IN,149.169.126.222
2025-08-06 11:36:11.482343,SalesSpark CRM,user31,login,1,US,142.196.140.97
2025-08-06 22:06:57.482343,SalesSpark CRM,user13,file_download,1,AE,62.147.99.60
2025-08-06 20:09:57.482343,SalesSpark CRM,user31,login,1,IN,208.98.99.254
2025-08-07 04:58:29.482343,SalesSpark CRM,user10,api_call,1,US,10.33.129.248
2025-08-07 01:29:32.482343,SalesSpark CRM,user7,login,1,US,113.26.135.234
2025-08-06 21:08:23.482343,CloudBox Storage,user10,login,1,IN,168.249.40.20
2025-08-06 22:57:53.482343,CloudBox Storage,user22,login,1,DE,102.167.21.219
2025-08-06 18:02:20.482343,SalesSpark CRM,user35,api_call,1,AE,82.161.184.228
2025-08-06 23:03:11.482343,PayFlow Payroll,user3,login,1,GB,61.162.176.236
2025-08-06 16:22:24.482343,CloudBox Storage,user6,config_change,1,IN,26.195.163.181
2025-08-06 10:35:47.482343,SalesSpark CRM,user20,login,1,GB,12.84.204.15
2025-08-06 16:30:00.482343,PayFlow Payroll,user28,config_change,1,IN,136.106.145.175
2025-08-06 12:17:48.482343,PayFlow Payroll,user6,config_change,1,US,98.159.175.62
2025-08-06 23:06:14.482343,PayFlow Payroll,user10,api_call,1,US,164.66.118.66
2025-08-07 04:08:34.482343,PayFlow Payroll,user30,api_call,1,JP,174.140.41.19
2025-08-06 21:30:14.482343,CloudBox Storage,user20,login,1,AE,109.177.65.117
2025-08-06 16:20:01.482343,SalesSpark CRM,user31,login,0,DE,98.147.92.148
2025-08-06 16:51:55.482343,CloudBox Storage,user2,login,1,US,169.102.71.3
2025-08-07 02:03:20.482343,PayFlow Payroll,user4,api_call,1,IN,191.128.214.232
2025-08-06 16:57:28.482343,SalesSpark CRM,user15,config_change,1,SG,91.57.163.49
2025-08-07 02:24:20.482343,PayFlow Payroll,user9,login,1,BR,232.161.166.11
2025-08-06 16:58:05.482343,PayFlow Payroll,user3,login,1,JP,188.34.24.233
2025-08-06 16:28:24.482343,SalesSpark CRM,user27,file_download,1,SG,34.202.139.225
2025-08-06 18:41:09.482343,PayFlow Payroll,user18,login,1,JP,66.234.212.242
2025-08-06 22:58:55.482343,SalesSpark CRM,user22,login,1,IN,120.247.20.37
2025-08-06 15:03:20.482343,PayFlow Payroll,user26,api_call,1,AE,206.143.94.24
2025-08-06 19:07:53.482343,CloudBox Storage,user35,api_call,1,US,95.173.192.173
2025-08-06 15:45:01.482343,SalesSpark CRM,user24,api_call,0,GB,60.121.7.159
2025-08-07 00:28:35.482343,PayFlow Payroll,user40,login,1,IN,17.163.211.119
2025-08-07 05:27:18.482343,CloudBox Storage,user27,file_download,0,BR,12.243.10.78
2025-08-06 22:14:43.482343,SalesSpark CRM,user16,config_change,1,DE,35.100.117.95
2025-08-07 04:55:21.482343,SalesSpark CRM,user35,file_download,1,GB,191.187.40.227
2025-08-06 20:48:43.482343,CloudBox Storage,user32,login,1,IN,241.244.72.9
2025-08-07 05:30:50.482343,SalesSpark CRM,user29,api_call,1,IN,61.219.93.26
2025-08-07 04:31:11.482343,PayFlow Payroll,user23,api_call,0,US,71.49.248.32
2025-08-07 21:13:19.482343,CloudBox Storage,user14,api_call,1,US,153.249.6.13
2025-08-07 17:22:45.482343,SalesSpark CRM,user37,api_call,1,GB,213.196.142.54
2025-08-08 01:21:29.482343,PayFlow Payroll,user15,api_call,1,GB,38.202.231.153
2025-08-07 07:25:31.482343,PayFlow Payroll,user10,login,1,IN,139.65.205.45
2025-08-07 10:50:32.482343,SalesSpark CRM,user2,api_call,1,SG,92.203.202.61
2025-08-08 01:27:38.482343,CloudBox Storage,user12,login,1,IN,33.190.108.135
2025-08-07 10:54:41.482343,PayFlow Payroll,user31,api_call,1,US,93.132.152.28
2025-08-07 21:39:51.482343,PayFlow Payroll,user40,file_download,0,IN,201.233.222.169
2025-08-07 23:27:06.482343,PayFlow Payroll,user2,api_call,0,US,123.217.103.110
2025-08-08 04:14:08.482343,PayFlow Payroll,user29,file_download,0,JP,21.83.156.38
2025-08-07 09:15:54.482343,CloudBox Storage,user40,file_download,1,US,141.183.84.98
2025-08-08 02:40:55.482343,CloudBox Storage,user30,login,1,AE,111.26.204.180
2025-08-07 11:02:18.482343,PayFlow Payroll,user36,login,1,DE,56.111.116.228
2025-08-07 14:33:58.482343,CloudBox Storage,user30,login,1,IN,187.25.81.110
2025-08-07 17:49:53.482343,CloudBox Storage,user24,login,1,IN,176.237.122.18
2025-08-07 10:00:42.482343,PayFlow Payroll,user6,login,1,IN,191.190.96.208
2025-08-07 11:42:40.482343,SalesSpark CRM,user38,login,1,SG,144.85.172.32
2025-08-07 20:30:32.482343,CloudBox Storage,user28,login,1,IN,185.14.248.74
2025-08-08 02:26:59.482343,CloudBox Storage,user7,login,1,IN,55.40.169.124
2025-08-07 15:01:43.482343,CloudBox Storage,user23,login,1,US,95.30.196.72
2025-08-08 01:22:28.482343,CloudBox Storage,user28,login,1,US,250.197.210.160
2025-08-08 02:51:18.482343,PayFlow Payroll,user36,login,0,BR,238.169.213.178
2025-08-07 15:08:48.482343,PayFlow Payroll,user18,login,1,GB,80.236.87.90
2025-08-07 07:19:32.482343,SalesSpark CRM,user10,login,1,IN,103.18.37.190
2025-08-08 03:08:42.482343,SalesSpark CRM,user34,api_call,1,IN,108.117.88.41
2025-08-07 18:27:23.482343,CloudBox Storage,user21,login,1,US,146.153.22.227
2025-08-07 08:16:47.482343,PayFlow Payroll,user40,login,0,US,21.70.114.170
2025-08-07 20:39:15.482343,SalesSpark CRM,user29,login,1,IN,56.194.132.30
2025-08-07 18:34:44.482343,SalesSpark CRM,user19,file_download,1,US,152.125.135.171
2025-08-07 16:09:51.482343,PayFlow Payroll,user26,login,1,US,15.2.53.78
2025-08-07 13:56:45.482343,PayFlow Payroll,user17,login,1,IN,31.2.128.192
2025-08-07 20:18:45.482343,PayFlow Payroll,user25,login,1,IN,59.129.144.214
2025-08-08 04:58:59.482343,CloudBox Storage,user5,login,1,IN,190.11.112.5
2025-08-07 22:05:41.482343,SalesSpark CRM,user21,api_call,1,SG,147.104.182.164
2025-08-07 20:25:44.482343,SalesSpark CRM,user26,login,0,IN,84.44.206.243
2025-08-08 02:37:30.482343,PayFlow Payroll,user24,api_call,0,SG,217.28.63.112
2025-08-08 01:33:10.482343,PayFlow Payroll,user6,login,1,IN,80.191.87.57
2025-08-07 17:56:47.482343,PayFlow Payroll,user5,api_call,1,DE,30.136.131.50
2025-08-07 18:30:23.482343,PayFlow Payroll,user10,config_change,1,DE,38.66.51.45
2025-08-08 02:17:25.482343,CloudBox Storage,user5,login,1,IN,198.161.127.119
2025-08-08 01:56:14.482343,CloudBox Storage,user29,login,1,IN,226.145.165.163
2025-08-08 02:28:32.482343,CloudBox Storage,user21,login,1,GB,18.121.114.162
2025-08-07 16:57:54.482343,CloudBox Storage,user38,api_call,0,US,130.19.80.119
2025-08-07 21:09:40.482343,SalesSpark CRM,user24,login,1,US,20.166.222.251
2025-08-07 09:47:15.482343,SalesSpark CRM,user33,file_download,1,BR,149.142.245.203
2025-08-08 07:04:39.482343,CloudBox Storage,user29,login,1,SG,147.167.49.83
2025-08-08 02:38:09.482343,SalesSpark CRM,user10,api_call,1,DE,116.27.208.231
2025-08-07 17:52:42.482343,CloudBox Storage,user33,api_call,1,IN,11.64.182.113
2025-08-07 21:41:10.482343,CloudBox Storage,user40,login,1,US,96.235.73.100
2025-08-07 20:56:58.482343,CloudBox Storage,user39,login,0,DE,162.166.86.17
2025-08-07 17:14:12.482343,CloudBox Storage,user25,api_call,1,IN,186.219.169.247
2025-08-08 03:02:46.482343,PayFlow Payroll,user22,api_call,0,IN,170.37.235.90
2025-08-07 16:49:21.482343,CloudBox Storage,user26,login,1,IN,182.241.22.80
2025-08-08 00:32:18.482343,SalesSpark CRM,user22,login,1,BR,172.180.213.243
2025-08-08 06:51:35.482343,CloudBox Storage,user34,api_call,0,BR,172.109.131.93
2025-08-07 07:30:56.482343,PayFlow Payroll,user12,login,1,US,88.243.197.125
2025-08-07 13:21:45.482343,CloudBox Storage,user10,file_download,0,GB,217.202.26.130
2025-08-08 01:01:24.482343,SalesSpark CRM,user34,login,0,SG,87.225.197.159
2025-08-07 11:46:01.482343,SalesSpark CRM,user10,login,1,IN,213.178.198.160
2025-08-07 12:54:05.482343,SalesSpark CRM,user3,api_call,1,GB,174.185.61.249
2025-08-07 21:46:55.482343,CloudBox Storage,user29,api_call,1,IN,62.80.248.208
2025-08-07 23:05:30.482343,CloudBox Storage,user13,login,1,BR,243.147.253.113
2025-08-07 21:56:55.482343,PayFlow Payroll,user25,api_call,1,US,108.248.42.210
2025-08-07 13:59:15.482343,SalesSpark CRM,user9,login,1,BR,14.165.124.224
2025-08-07 18:43:36.482343,PayFlow Payroll,user7,login,1,US,133.218.32.73
2025-08-07 09:55:47.482343,CloudBox Storage,user18,api_call,1,US,132.38.213.112
2025-08-07 10:05:51.482343,CloudBox Storage,user29,file_download,1,US,239.7.107.14
2025-08-07 19:40:00.482343,PayFlow Payroll,user16,file_download,1,DE,21.96.58.8
2025-08-07 18:06:43.482343,CloudBox Storage,user22,file_download,1,DE,36.10.74.235
2025-08-07 22:52:30.482343,CloudBox Storage,user9,login,1,BR,121.115.158.2
2025-08-08 09:08:53.482343,PayFlow Payroll,user14,api_call,1,GB,141.241.187.156
2025-08-08 23:34:44.482343,SalesSpark CRM,user19,login,1,IN,32.13.62.108
2025-08-09 03:58:16.482343,CloudBox Storage,user30,api_call,0,IN,215.232.128.153
2025-08-09 00:09:17.482343,PayFlow Payroll,user33,api_call,1,GB,184.37.75.110
2025-08-08 07:46:59.482343,CloudBox Storage,user16,api_call,1,IN,48.171.172.22
2025-08-08 23:30:41.482343,SalesSpark CRM,user34,login,1,US,202.254.130.142
2025-08-08 07:32:32.482343,SalesSpark CRM,user31,login,0,IN,100.252.96.65
2025-08-09 06:08:59.482343,SalesSpark CRM,user5,api_call,1,DE,188.169.161.27
2025-08-09 01:55:25.482343,PayFlow Payroll,user22,api_call,1,IN,91.140.87.209
2025-08-09 03:19:30.482343,CloudBox Storage,user30,login,1,JP,123.162.47.208
2025-08-08 11:12:22.482343,PayFlow Payroll,user30,login,0,US,52.12.203.52
2025-08-08 08:28:36.482343,SalesSpark CRM,user20,login,1,DE,254.209.140.122
2025-08-08 15:10:25.482343,PayFlow Payroll,user13,api_call,1,IN,221.200.13.222
2025-08-09 03:28:54.482343,SalesSpark CRM,user8,file_download,1,DE,112.228.103.191
2025-08-08 22:05:01.482343,PayFlow Payroll,user22,file_download,1,SG,128.178.128.95
2025-08-08 23:25:28.482343,CloudBox Storage,user6,api_call,1,DE,21.111.155.211
2025-08-08 12:41:55.482343,PayFlow Payroll,user21,api_call,0,JP,84.170.76.79
2025-08-08 21:46:22.482343,SalesSpark CRM,user28,login,1,IN,114.90.115.11
2025-08-09 07:03:35.482343,SalesSpark CRM,user23,api_call,1,IN,112.71.164.251
2025-08-08 08:12:19.482343,SalesSpark CRM,user26,file_download,1,US,206.192.174.41
2025-08-08 07:17:31.482343,PayFlow Payroll,user39,login,1,IN,113.9.33.18
2025-08-08 14:57:18.482343,CloudBox Storage,user24,api_call,1,IN,244.146.9.155
2025-08-08 11:51:05.482343,CloudBox Storage,user24,login,1,US,196.20.147.36
2025-08-08 23:31:02.482343,SalesSpark CRM,user21,login,1,IN,64.246.30.7
2025-08-09 06:19:08.482343,SalesSpark CRM,user34,login,1,IN,144.31.68.199
2025-08-08 15:53:05.482343,PayFlow Payroll,user14,login,1,IN,74.178.235.126
2025-08-08 13:14:45.482343,PayFlow Payroll,user5,login,1,JP,231.183.114.23
2025-08-09 05:01:57.482343,PayFlow Payroll,user23,api_call,1,DE,141.139.75.229
2025-08-08 17:01:47.482343,CloudBox Storage,user12,api_call,1,IN,131.58.32.253
2025-08-08 13:57:45.482343,SalesSpark CRM,user16,login,1,US,7.93.142.147
2025-08-08 18:37:28.482343,CloudBox Storage,user36,config_change,1,US,227.23.17.80
2025-08-08 19:53:23.482343,PayFlow Payroll,user31,login,1,SG,197.105.211.148
2025-08-08 09:15:57.482343,CloudBox Storage,user5,file_download,1,IN,175.133.89.33
2025-08-09 00:48:14.482343,CloudBox Storage,user12,login,1,US,34.111.129.234
2025-08-08 09:00:44.482343,PayFlow Payroll,user34,login,1,BR,43.42.83.240
2025-08-09 05:21:59.482343,PayFlow Payroll,user34,api_call,1,US,217.21.65.51
2025-08-09 03:42:54.482343,PayFlow Payroll,user9,api_call,1,IN,158.137.24.129
2025-08-09 03:18:14.482343,CloudBox Storage,user38,file_download,1,JP,169.160.185.231
2025-08-09 02:29:30.482343,PayFlow Payroll,user37,login,0,DE,222.8.21.12
2025-08-09 03:57:13.482343,PayFlow Payroll,user17,login,1,IN,197.147.107.159
2025-08-09 03:09:08.482343,SalesSpark CRM,user35,api_call,1,IN,245.78.124.63
2025-08-09 04:32:56.482343,CloudBox Storage,user30,login,0,SG,16.41.113.107
2025-08-08 22:36:50.482343,CloudBox Storage,user22,login,1,BR,81.221.184.82
2025-08-09 07:02:59.482343,CloudBox Storage,user26,api_call,1,IN,95.132.144.28
2025-08-08 17:23:06.482343,CloudBox Storage,user8,login,1,SG,64.37.25.13
2025-08-08 16:32:32.482343,SalesSpark CRM,user40,api_call,1,US,247.222.231.41
2025-08-08 18:07:13.482343,PayFlow Payroll,user21,login,1,IN,41.128.132.120
2025-08-08 23:03:56.482343,SalesSpark CRM,user32,login,0,IN,242.101.130.118
2025-08-08 14:21:14.482343,CloudBox Storage,user23,login,0,IN,73.127.153.226
2025-08-09 03:51:07.482343,PayFlow Payroll,user19,login,1,GB,217.28.111.35
2025-08-08 15:54:00.482343,SalesSpark CRM,user26,login,1,IN,103.14.146.144
2025-08-08 13:31:12.482343,PayFlow Payroll,user19,api_call,0,IN,130.116.196.141
2025-08-08 16:00:16.482343,PayFlow Payroll,user40,login,0,DE,250.25.101.96
2025-08-08 17:43:00.482343,PayFlow Payroll,user10,login,1,JP,131.103.129.11
2025-08-08 08:09:45.482343,SalesSpark CRM,user22,login,1,GB,133.117.39.156
2025-08-08 23:15:57.482343,PayFlow Payroll,user40,file_download,1,BR,101.254.158.190
2025-08-08 16:44:58.482343,PayFlow Payroll,user33,login,1,IN,137.126.182.145
2025-08-08 16:38:29.482343,PayFlow Payroll,user2,api_call,1,IN,173.29.251.107
2025-08-09 01:27:27.482343,CloudBox Storage,user2,api_call,1,AE,68.248.168.201
2025-08-09 01:43:51.482343,PayFlow Payroll,user4,login,1,IN,44.135.162.185
2025-08-09 02:57:30.482343,CloudBox Storage,user25,file_download,1,IN,175.63.9.147
2025-08-09 05:14:49.482343,PayFlow Payroll,user2,login,1,DE,108.39.106.177
2025-08-08 13:34:09.482343,PayFlow Payroll,user40,api_call,1,IN,224.218.189.187
2025-08-08 08:52:45.482343,CloudBox Storage,user34,login,1,JP,84.170.123.135
2025-08-08 19:27:48.482343,SalesSpark CRM,user30,api_call,1,DE,88.140.91.174
2025-08-09 06:51:18.482343,PayFlow Payroll,user17,login,1,JP,50.246.64.72
2025-08-09 00:26:51.482343,PayFlow Payroll,user20,login,1,US,181.54.177.181
2025-08-08 22:28:07.482343,CloudBox Storage,user23,login,1,SG,240.204.185.71
2025-08-09 10:44:20.482343,CloudBox Storage,user35,api_call,1,IN,251.102.210.89
2025-08-09 11:25:39.482343,PayFlow Payroll,user19,login,1,US,21.89.237.114
2025-08-10 03:24:24.482343,SalesSpark CRM,user31,login,1,DE,212.138.70.239
2025-08-10 00:51:54.482343,PayFlow Payroll,user9,api_call,0,JP,190.151.62.63
2025-08-09 08:50:34.482343,SalesSpark CRM,user34,login,1,IN,60.14.26.106
2025-08-09 17:53:07.482343,CloudBox Storage,user7,api_call,1,IN,36.2.247.141
2025-08-09 12:34:18.482343,PayFlow Payroll,user31,api_call,1,IN,52.194.247.74
2025-08-09 17:26:18.482343,SalesSpark CRM,user4,login,1,IN,23.167.147.60
2025-08-10 00:55:23.482343,SalesSpark CRM,user3,login,1,SG,45.107.226.215
2025-08-09 13:07:35.482343,PayFlow Payroll,user3,login,1,BR,102.202.127.48
2025-08-10 07:03:36.482343,SalesSpark CRM,user19,api_call,1,IN,3.77.146.155
2025-08-09 11:06:58.482343,PayFlow Payroll,user19,login,1,IN,165.140.135.127
2025-08-09 12:02:09.482343,SalesSpark CRM,user30,login,1,AE,208.29.85.42
2025-08-10 06:37:18.482343,PayFlow Payroll,user17,login,1,US,4.189.87.203
2025-08-09 16:44:20.482343,SalesSpark CRM,user13,api_call,1,BR,220.164.230.104
2025-08-09 20:39:57.482343,PayFlow Payroll,user6,api_call,1,GB,25.48.252.36
2025-08-09 22:28:36.482343,CloudBox Storage,user16,login,0,IN,99.61.115.193
2025-08-09 15:28:56.482343,SalesSpark CRM,user38,file_download,1,IN,3.67.168.93
2025-08-10 05:22:40.482343,SalesSpark CRM,user8,file_download,1,IN,41.104.176.129
2025-08-10 05:56:56.482343,PayFlow Payroll,user8,file_download,1,IN,241.76.95.158
2025-08-09 14:21:45.482343,PayFlow Payroll,user31,login,1,JP,192.254.156.96
2025-08-09 20:52:12.482343,SalesSpark CRM,user31,file_download,1,US,206.171.212.56
2025-08-09 14:51:25.482343,SalesSpark CRM,user39,api_call,1,IN,21.135.115.136
2025-08-10 05:30:41.482343,SalesSpark CRM,user37,login,0,DE,213.141.232.130
2025-08-09 13:44:11.482343,CloudBox Storage,user10,login,1,IN,219.134.114.30
2025-08-10 04:21:22.482343,PayFlow Payroll,user38,login,1,SG,231.131.115.208
2025-08-09 08:36:45.482343,CloudBox Storage,user33,login,1,US,145.15.144.119
2025-08-10 04:58:56.482343,SalesSpark CRM,user2,login,1,DE,210.1.191.56
2025-08-10 01:11:39.482343,SalesSpark CRM,user28,api_call,1,IN,17.139.16.240
2025-08-09 10:07:07.482343,CloudBox Storage,user3,file_download,1,IN,47.197.35.197
2025-08-10 03:54:18.482343,SalesSpark CRM,user27,api_call,1,JP,229.98.115.223
2025-08-09 19:31:42.482343,SalesSpark CRM,user35,config_change,1,US,221.90.31.46
2025-08-10 00:33:10.482343,SalesSpark CRM,user9,login,1,US,58.214.1.194
2025-08-09 07:27:06.482343,PayFlow Payroll,user35,file_download,1,AE,98.211.59.64
2025-08-09 21:29:46.482343,SalesSpark CRM,user18,login,1,US,225.186.196.29
2025-08-09 08:59:19.482343,SalesSpark CRM,user27,login,1,IN,240.227.228.5
2025-08-09 14:20:41.482343,PayFlow Payroll,user7,login,1,IN,115.154.173.181
2025-08-09 08:23:24.482343,CloudBox Storage,user3,login,1,IN,60.139.56.194
2025-08-09 08:16:09.482343,SalesSpark CRM,user19,login,1,US,235.188.148.82
2025-08-10 01:46:26.482343,PayFlow Payroll,user21,login,1,JP,225.37.253.170
2025-08-09 23:22:03.482343,SalesSpark CRM,user20,login,1,US,143.243.152.226
2025-08-10 07:05:48.482343,SalesSpark CRM,user28,file_download,1,US,13.249.89.242
2025-08-10 03:50:01.482343,PayFlow Payroll,user34,login,1,AE,107.105.39.77
2025-08-09 19:19:25.482343,CloudBox Storage,user35,file_download,1,DE,218.58.77.220
2025-08-10 05:17:28.482343,PayFlow Payroll,user30,api_call,1,IN,144.106.248.107
2025-08-10 00:40:45.482343,CloudBox Storage,user25,login,1,IN,53.85.166.21
2025-08-09 22:02:00.482343,SalesSpark CRM,user6,login,1,IN,213.49.14.69
2025-08-09 19:51:15.482343,SalesSpark CRM,user39,file_download,0,JP,19.49.206.195
2025-08-10 01:54:19.482343,SalesSpark CRM,user36,login,1,US,54.223.233.86
2025-08-10 07:21:36.482343,SalesSpark CRM,user13,api_call,1,IN,31.192.194.123
2025-08-10 14:52:15.482343,SalesSpark CRM,user14,login,1,IN,62.142.83.199
2025-08-10 16:32:06.482343,PayFlow Payroll,user35,api_call,1,DE,79.67.93.132
2025-08-10 22:36:43.482343,CloudBox Storage,user31,file_download,1,IN,82.235.53.95
2025-08-10 17:33:39.482343,CloudBox Storage,user37,file_download,1,AE,190.38.5.67
2025-08-11 01:07:14.482343,SalesSpark CRM,user38,api_call,1,SG,76.40.51.85
2025-08-10 14:32:13.482343,PayFlow Payroll,user16,login,1,US,168.242.176.87
2025-08-10 15:56:29.482343,PayFlow Payroll,user32,login,1,SG,165.190.126.118
2025-08-10 12:54:27.482343,PayFlow Payroll,user23,login,1,IN,185.140.126.48
2025-08-11 00:48:40.482343,PayFlow Payroll,user34,login,0,GB,217.20.242.210
2025-08-11 04:11:25.482343,PayFlow Payroll,user1,login,1,DE,216.162.60.18
2025-08-11 05:16:37.482343,SalesSpark CRM,user14,login,1,SG,96.16.159.164
2025-08-11 05:07:16.482343,PayFlow Payroll,user31,login,1,GB,5.2.137.142
2025-08-10 20:07:38.482343,SalesSpark CRM,user34,api_call,1,GB,138.251.74.5
2025-08-11 00:00:21.482343,SalesSpark CRM,user28,api_call,1,GB,233.46.28.236
2025-08-10 10:40:46.482343,PayFlow Payroll,user16,api_call,1,DE,135.65.209.91
2025-08-10 15:58:02.482343,SalesSpark CRM,user6,login,1,GB,104.118.145.63
2025-08-11 05:21:56.482343,SalesSpark CRM,user6,login,1,BR,220.167.195.9
2025-08-10 09:33:01.482343,CloudBox Storage,user25,login,1,SG,15.164.3.180
2025-08-10 12:13:08.482343,CloudBox Storage,user28,api_call,1,GB,85.145.251.220
2025-08-10 11:05:10.482343,PayFlow Payroll,user3,login,1,IN,231.223.178.228
2025-08-11 01:37:54.482343,PayFlow Payroll,user3,config_change,1,DE,176.237.72.231
2025-08-11 00:44:19.482343,CloudBox Storage,user3,api_call,1,US,218.81.5.247
2025-08-10 13:44:46.482343,SalesSpark CRM,user26,login,1,BR,77.42.145.62
2025-08-11 02:01:31.482343,PayFlow Payroll,user25,config_change,1,IN,139.85.99.194
2025-08-11 06:16:27.482343,PayFlow Payroll,user6,file_download,1,IN,250.89.14.26
2025-08-10 20:22:30.482343,SalesSpark CRM,user5,api_call,1,IN,197.158.245.153
2025-08-10 19:56:57.482343,CloudBox Storage,user2,api_call,1,IN,201.116.126.59
2025-08-10 18:43:01.482343,PayFlow Payroll,user28,login,1,DE,150.170.98.22
2025-08-11 02:26:28.482343,CloudBox Storage,user16,file_download,1,AE,22.69.40.98
2025-08-11 05:58:17.482343,SalesSpark CRM,user10,api_call,1,IN,82.93.28.24
2025-08-10 07:27:05.482343,SalesSpark CRM,user24,login,1,IN,27.34.23.48
2025-08-10 20:36:12.482343,CloudBox Storage,user36,login,1,BR,27.7.23.91
2025-08-11 00:13:15.482343,PayFlow Payroll,user39,login,1,IN,222.99.4.75
2025-08-10 20:32:26.482343,SalesSpark CRM,user6,login,1,US,144.232.251.63
2025-08-11 01:40:47.482343,CloudBox Storage,user25,api_call,1,SG,69.78.69.127
2025-08-10 11:11:47.482343,CloudBox Storage,user28,login,1,SG,77.124.201.20
2025-08-10 18:23:52.482343,PayFlow Payroll,user32,login,1,AE,51.118.28.35
2025-08-10 16:08:02.482343,CloudBox Storage,user22,login,1,JP,98.206.221.85
2025-08-10 21:29:04.482343,PayFlow Payroll,user39,api_call,1,US,83.155.243.178
2025-08-10 13:37:57.482343,CloudBox Storage,user12,config_change,1,US,248.82.75.189
2025-08-11 05:48:08.482343,SalesSpark CRM,user37,login,1,IN,84.97.72.210
2025-08-10 19:30:44.482343,CloudBox Storage,user37,api_call,1,US,140.47.175.197
2025-08-11 00:09:23.482343,SalesSpark CRM,user30,login,1,AE,54.113.205.75
2025-08-11 05:12:29.482343,CloudBox Storage,user27,file_download,1,BR,36.163.78.62
2025-08-10 15:49:46.482343,SalesSpark CRM,user28,api_call,1,BR,19.115.254.154
2025-08-10 22:45:02.482343,PayFlow Payroll,user35,login,1,IN,236.223.178.108
2025-08-11 00:10:27.482343,SalesSpark CRM,user24,api_call,1,BR,208.138.153.164
2025-08-10 09:14:26.482343,PayFlow Payroll,user16,login,1,IN,91.43.166.157
2025-08-12 01:49:20.482343,PayFlow Payroll,user26,login,1,IN,85.248.204.111
2025-08-11 10:07:43.482343,PayFlow Payroll,user17,login,1,DE,192.133.143.149
2025-08-12 05:43:51.482343,CloudBox Storage,user29,api_call,1,IN,119.198.174.151
2025-08-12 05:39:46.482343,PayFlow Payroll,user23,login,1,IN,124.27.76.107
2025-08-11 09:15:30.482343,PayFlow Payroll,user10,login,1,DE,88.117.201.53
2025-08-11 23:37:59.482343,CloudBox Storage,user31,api_call,0,GB,185.179.116.82
2025-08-11 09:26:39.482343,SalesSpark CRM,user8,login,0,US,88.166.28.174
2025-08-11 13:07:24.482343,CloudBox Storage,user16,login,1,AE,142.41.85.144
2025-08-11 20:36:51.482343,CloudBox Storage,user26,login,1,DE,48.164.169.111
2025-08-11 19:09:24.482343,SalesSpark CRM,user40,api_call,1,IN,116.152.110.100
2025-08-11 07:52:50.482343,CloudBox Storage,user14,api_call,1,IN,181.208.204.17
2025-08-12 01:14:28.482343,PayFlow Payroll,user35,login,1,IN,84.51.118.30
2025-08-11 15:50:32.482343,PayFlow Payroll,user32,login,1,DE,164.81.153.100
2025-08-12 02:33:14.482343,PayFlow Payroll,user8,api_call,1,IN,217.118.159.45
2025-08-12 04:53:28.482343,CloudBox Storage,user20,login,1,DE,152.22.173.35
2025-08-11 17:14:52.482343,SalesSpark CRM,user20,login,0,JP,96.178.37.131
2025-08-11 19:34:15.482343,CloudBox Storage,user9,api_call,1,SG,109.48.125.163
2025-08-12 00:52:35.482343,SalesSpark CRM,user12,api_call,1,BR,126.74.36.48
2025-08-11 18:01:05.482343,CloudBox Storage,user40,api_call,0,IN,92.244.3.125
2025-08-11 11:20:29.482343,SalesSpark CRM,user25,api_call,1,BR,130.168.127.105
2025-08-12 04:39:03.482343,PayFlow Payroll,user29,api_call,1,US,22.145.8.204
2025-08-11 14:25:39.482343,SalesSpark CRM,user18,login,1,IN,74.44.200.118
2025-08-12 01:55:26.482343,CloudBox Storage,user32,login,1,GB,29.147.30.69
2025-08-12 01:00:00.482343,CloudBox Storage,user35,config_change,1,IN,11.195.185.113
2025-08-12 00:21:04.482343,CloudBox Storage,user7,api_call,1,SG,168.193.64.77
2025-08-11 08:35:53.482343,PayFlow Payroll,user23,api_call,1,SG,23.113.222.31
2025-08-11 14:21:28.482343,CloudBox Storage,user38,config_change,1,AE,221.182.157.162
2025-08-11 20:18:16.482343,PayFlow Payroll,user9,login,1,SG,209.53.207.16
2025-08-12 01:30:11.482343,CloudBox Storage,user18,login,1,IN,44.83.251.181
2025-08-11 16:26:13.482343,PayFlow Payroll,user18,file_download,1,SG,132.253.231.174
2025-08-11 10:16:25.482343,SalesSpark CRM,user27,login,1,IN,71.222.168.33
2025-08-12 06:02:45.482343,PayFlow Payroll,user16,config_change,1,IN,83.213.64.195
2025-08-12 04:33:08.482343,SalesSpark CRM,user10,api_call,1,US,69.161.107.97
2025-08-11 21:12:17.482343,SalesSpark CRM,user6,login,1,GB,192.72.178.240
2025-08-11 18:37:08.482343,SalesSpark CRM,user21,login,1,IN,223.199.217.188
2025-08-11 09:54:06.482343,PayFlow Payroll,user23,file_download,1,IN,204.137.102.56
2025-08-11 20:59:50.482343,PayFlow Payroll,user32,api_call,1,SG,213.73.87.141
2025-08-12 01:16:13.482343,CloudBox Storage,user32,api_call,1,JP,229.175.196.13
2025-08-11 08:14:17.482343,CloudBox Storage,user30,login,0,AE,238.220.41.113
2025-08-11 21:08:04.482343,CloudBox Storage,user13,file_download,1,US,233.34.226.167
2025-08-11 16:18:32.482343,CloudBox Storage,user18,file_download,0,US,93.65.22.96
2025-08-13 03:17:40.482343,PayFlow Payroll,user26,login,1,DE,186.180.194.60
2025-08-12 20:48:42.482343,CloudBox Storage,user7,login,0,AE,123.20.34.152
2025-08-12 14:41:20.482343,CloudBox Storage,user29,api_call,0,IN,179.88.210.31
2025-08-12 20:51:45.482343,SalesSpark CRM,user31,login,0,AE,99.23.188.207
2025-08-12 10:13:57.482343,PayFlow Payroll,user24,login,1,IN,36.98.199.209
2025-08-12 11:49:20.482343,CloudBox Storage,user10,api_call,0,IN,145.3.157.167
2025-08-12 12:35:59.482343,SalesSpark CRM,user14,login,1,IN,39.236.106.158
2025-08-13 04:36:32.482343,PayFlow Payroll,user14,api_call,0,IN,26.36.193.32
2025-08-13 01:54:01.482343,CloudBox Storage,user23,login,1,SG,81.203.36.64
2025-08-12 15:48:42.482343,PayFlow Payroll,user16,login,1,GB,154.185.156.73
2025-08-13 05:09:31.482343,SalesSpark CRM,user20,api_call,1,GB,156.131.49.192
2025-08-12 19:26:18.482343,CloudBox Storage,user4,login,1,IN,204.245.62.127
2025-08-12 19:14:52.482343,CloudBox Storage,user32,api_call,1,JP,19.136.228.251
2025-08-12 07:31:36.482343,CloudBox Storage,user21,login,1,US,221.215.146.108
2025-08-12 18:42:20.482343,SalesSpark CRM,user12,login,1,US,245.253.198.19
2025-08-12 07:44:41.482343,CloudBox Storage,user1,login,1,AE,11.237.16.243
2025-08-12 19:39:55.482343,SalesSpark CRM,user33,login,1,AE,109.180.103.22
2025-08-13 03:42:11.482343,PayFlow Payroll,user40,file_download,1,US,22.80.21.131
2025-08-12 13:58:46.482343,PayFlow Payroll,user35,login,1,SG,151.163.196.214
2025-08-13 03:51:18.482343,CloudBox Storage,user5,login,1,IN,112.187.245.217
2025-08-12 14:10:52.482343,SalesSpark CRM,user6,login,1,SG,30.117.157.156
2025-08-12 08:27:19.482343,SalesSpark CRM,user12,login,0,SG,182.36.180.3
2025-08-12 12:38:59.482343,PayFlow Payroll,user34,file_download,1,IN,211.185.67.43
2025-08-12 18:16:24.482343,PayFlow Payroll,user18,api_call,1,JP,31.198.231.8
2025-08-12 17:59:04.482343,PayFlow Payroll,user18,login,1,DE,68.183.250.148
2025-08-13 03:12:08.482343,SalesSpark CRM,user30,api_call,1,IN,15.128.220.146
2025-08-12 12:30:47.482343,SalesSpark CRM,user17,api_call,1,SG,229.147.173.186
2025-08-12 10:22:24.482343,CloudBox Storage,user33,api_call,0,US,220.221.4.63
2025-08-12 08:38:00.482343,PayFlow Payroll,user25,login,1,SG,46.239.246.220
2025-08-12 08:43:28.482343,SalesSpark CRM,user27,login,1,AE,64.107.235.185
2025-08-12 17:25:29.482343,PayFlow Payroll,user5,file_download,1,BR,31.129.173.231
2025-08-12 08:18:51.482343,PayFlow Payroll,user34,api_call,1,GB,245.103.18.225
2025-08-12 22:02:55.482343,PayFlow Payroll,user20,login,1,SG,142.117.3.95
2025-08-12 13:26:13.482343,SalesSpark CRM,user20,api_call,1,BR,63.119.95.152
2025-08-12 22:57:26.482343,PayFlow Payroll,user13,api_call,1,IN,140.195.204.63
2025-08-12 11:08:36.482343,PayFlow Payroll,user27,login,0,IN,139.89.163.215
2025-08-13 06:03:37.482343,PayFlow Payroll,user22,login,0,SG,169.97.218.189
2025-08-13 06:26:43.482343,PayFlow Payroll,user14,login,1,IN,61.108.126.247
2025-08-12 08:17:22.482343,PayFlow Payroll,user18,login,0,IN,236.60.230.217
2025-08-12 23:34:21.482343,PayFlow Payroll,user24,api_call,1,DE,192.22.149.25
2025-08-12 23:16:17.482343,PayFlow Payroll,user26,login,0,GB,146.16.112.170
2025-08-12 11:22:55.482343,PayFlow Payroll,user17,login,1,IN,238.206.101.180
2025-08-13 06:27:57.482343,CloudBox Storage,user29,login,1,US,20.242.52.35
2025-08-13 01:13:46.482343,PayFlow Payroll,user7,api_call,1,DE,120.81.105.31
2025-08-13 00:30:26.482343,SalesSpark CRM,user14,api_call,1,SG,119.68.219.31
2025-08-12 09:18:28.482343,SalesSpark CRM,user20,login,1,IN,179.155.11.56
2025-08-12 17:16:42.482343,CloudBox Storage,user16,api_call,1,GB,102.132.13.174
2025-08-12 16:24:29.482343,CloudBox Storage,user12,file_download,0,IN,104.219.116.143
2025-08-13 06:42:52.482343,SalesSpark CRM,user7,login,1,IN,206.204.36.32
2025-08-12 07:11:30.482343,PayFlow Payroll,user15,login,1,IN,211.103.96.176
2025-08-13 03:48:42.482343,CloudBox Storage,user38,api_call,1,US,235.209.20.6
2025-08-12 09:20:34.482343,CloudBox Storage,user29,api_call,1,SG,24.232.217.213
2025-08-12 17:14:39.482343,CloudBox Storage,user30,login,0,IN,237.147.111.211
2025-08-13 06:33:08.482343,CloudBox Storage,user2,api_call,1,IN,110.45.91.55
2025-08-12 12:24:54.482343,PayFlow Payroll,user29,api_call,1,IN,9.158.159.158
2025-08-12 14:48:55.482343,PayFlow Payroll,user32,login,1,AE,141.123.16.23
2025-08-12 15:31:45.482343,PayFlow Payroll,user27,api_call,1,DE,227.205.135.64
2025-08-13 03:59:11.482343,CloudBox Storage,user2,api_call,1,AE,201.183.92.123
2025-08-13 00:58:08.482343,PayFlow Payroll,user23,api_call,1,GB,129.83.100.70
2025-08-12 12:08:57.482343,CloudBox Storage,user39,login,1,DE,230.208.200.72
2025-08-12 08:59:07.482343,PayFlow Payroll,user34,api_call,1,JP,150.60.250.41
2025-08-13 14:49:52.482343,PayFlow Payroll,user18,login,1,BR,203.235.189.15
2025-08-13 14:44:31.482343,CloudBox Storage,user25,api_call,1,US,215.254.217.45
2025-08-13 12:23:14.482343,PayFlow Payroll,user21,login,1,DE,179.92.234.152
2025-08-13 07:53:21.482343,PayFlow Payroll,user23,api_call,1,IN,145.37.145.243
2025-08-13 14:01:28.482343,SalesSpark CRM,user32,file_download,1,IN,45.126.10.24
2025-08-13 08:22:15.482343,CloudBox Storage,user15,login,0,DE,123.1.85.235
2025-08-14 02:20:28.482343,PayFlow Payroll,user9,api_call,1,IN,46.236.206.217
2025-08-13 17:10:38.482343,PayFlow Payroll,user10,api_call,1,US,235.37.199.29
2025-08-14 00:03:00.482343,SalesSpark CRM,user5,login,1,SG,242.170.102.151
2025-08-13 10:28:56.482343,PayFlow Payroll,user21,login,1,SG,41.188.243.112
2025-08-14 03:39:18.482343,PayFlow Payroll,user21,config_change,1,IN,248.144.178.228
2025-08-14 02:57:59.482343,CloudBox Storage,user15,api_call,1,DE,209.45.97.79
2025-08-14 06:51:55.482343,CloudBox Storage,user9,login,1,IN,1.243.180.243
2025-08-14 01:33:31.482343,SalesSpark CRM,user37,login,0,IN,155.82.236.208
2025-08-14 02:22:17.482343,CloudBox Storage,user37,login,0,IN,128.37.85.191
2025-08-13 09:22:59.482343,PayFlow Payroll,user21,login,1,BR,227.247.23.211
2025-08-14 05:50:17.482343,CloudBox Storage,user22,api_call,1,GB,68.54.64.178
2025-08-13 09:29:53.482343,PayFlow Payroll,user7,api_call,1,IN,13.99.113.188
2025-08-13 20:18:33.482343,CloudBox Storage,user27,api_call,1,AE,97.90.140.97
2025-08-13 11:01:07.482343,PayFlow Payroll,user37,api_call,1,SG,176.58.42.116
2025-08-13 09:59:31.482343,PayFlow Payroll,user3,login,1,DE,82.67.244.27
2025-08-13 09:28:47.482343,SalesSpark CRM,user25,login,1,SG,20.141.242.230
2025-08-13 09:29:15.482343,CloudBox Storage,user40,api_call,1,IN,181.8.111.242
2025-08-14 03:18:15.482343,PayFlow Payroll,user28,api_call,1,IN,26.85.53.250
2025-08-13 13:34:21.482343,PayFlow Payroll,user36,api_call,1,JP,187.139.68.170
2025-08-13 16:26:52.482343,CloudBox Storage,user7,login,0,IN,147.141.216.126
2025-08-13 11:11:00.482343,SalesSpark CRM,user1,file_download,1,US,76.211.170.161
2025-08-14 02:37:49.482343,SalesSpark CRM,user7,api_call,0,DE,44.164.75.251
2025-08-13 09:38:31.482343,CloudBox Storage,user8,api_call,1,IN,102.121.126.230
2025-08-14 04:23:42.482343,SalesSpark CRM,user35,api_call,1,SG,95.227.98.95
2025-08-13 12:35:39.482343,CloudBox Storage,user17,login,1,IN,68.58.215.69
2025-08-14 01:10:46.482343,PayFlow Payroll,user7,login,0,JP,89.207.139.106
2025-08-14 01:22:12.482343,PayFlow Payroll,user4,login,1,US,210.134.108.248
2025-08-14 00:51:32.482343,PayFlow Payroll,user31,api_call,1,US,61.122.77.21
2025-08-13 20:05:31.482343,SalesSpark CRM,user3,login,1,AE,231.133.205.147
2025-08-14 04:46:46.482343,SalesSpark CRM,user8,login,1,JP,115.45.243.252
2025-08-13 12:21:28.482343,CloudBox Storage,user13,api_call,1,US,109.21.253.175
2025-08-13 20:20:29.482343,SalesSpark CRM,user10,file_download,1,BR,67.82.234.187
2025-08-13 09:13:01.482343,SalesSpark CRM,user36,login,1,IN,84.220.71.134
2025-08-13 22:06:32.482343,PayFlow Payroll,user1,login,1,SG,160.151.134.201
2025-08-13 20:15:03.482343,CloudBox Storage,user10,config_change,1,DE,151.150.195.247
2025-08-13 11:06:43.482343,SalesSpark CRM,user37,login,1,GB,202.74.223.138
2025-08-13 19:04:03.482343,SalesSpark CRM,user17,login,1,DE,125.147.156.122
2025-08-14 12:25:02.482343,SalesSpark CRM,user10,login,1,US,175.178.103.10
2025-08-14 20:04:33.482343,PayFlow Payroll,user22,login,1,US,13.191.122.236
2025-08-14 16:05:00.482343,CloudBox Storage,user2,login,1,IN,204.78.80.72
2025-08-14 23:02:21.482343,SalesSpark CRM,user7,api_call,1,AE,59.35.77.250
2025-08-15 06:36:26.482343,PayFlow Payroll,user21,login,1,US,107.155.166.23
2025-08-14 13:35:50.482343,PayFlow Payroll,user27,login,1,DE,195.133.223.96
2025-08-14 08:40:27.482343,CloudBox Storage,user11,api_call,0,SG,182.130.104.35
2025-08-15 00:04:13.482343,CloudBox Storage,user2,login,1,BR,225.214.52.215
2025-08-14 08:22:39.482343,PayFlow Payroll,user30,login,0,AE,93.181.51.71
2025-08-14 19:00:06.482343,CloudBox Storage,user33,api_call,1,AE,237.32.175.8
2025-08-14 14:31:08.482343,CloudBox Storage,user39,login,1,IN,246.223.122.151
2025-08-15 00:29:59.482343,CloudBox Storage,user11,login,1,SG,67.192.213.177
2025-08-14 09:25:38.482343,CloudBox Storage,user25,api_call,0,AE,219.147.200.248
2025-08-14 14:01:51.482343,SalesSpark CRM,user15,api_call,1,IN,69.167.105.132
2025-08-14 08:03:26.482343,PayFlow Payroll,user1,api_call,1,US,34.166.45.154
2025-08-14 07:21:53.482343,CloudBox Storage,user39,file_download,1,US,79.183.248.182
2025-08-15 03:25:04.482343,CloudBox Storage,user25,login,1,US,118.65.56.120
2025-08-14 16:51:10.482343,SalesSpark CRM,user40,api_call,1,BR,27.2.131.170
2025-08-14 18:43:18.482343,CloudBox Storage,user39,login,1,US,77.176.28.124
2025-08-14 09:28:54.482343,CloudBox Storage,user21,login,1,BR,67.168.183.244
2025-08-15 03:26:49.482343,CloudBox Storage,user10,api_call,1,IN,62.231.15.207
2025-08-15 02:33:19.482343,CloudBox Storage,user21,login,1,AE,185.7.168.128
2025-08-14 16:24:35.482343,SalesSpark CRM,user27,config_change,1,US,189.10.150.182
2025-08-15 01:59:49.482343,CloudBox Storage,user22,api_call,1,US,57.176.137.164
2025-08-14 23:06:19.482343,SalesSpark CRM,user23,login,1,US,217.44.216.169
2025-08-15 00:18:55.482343,CloudBox Storage,user7,login,1,SG,190.67.186.207
2025-08-15 00:56:35.482343,PayFlow Payroll,user12,login,1,US,231.86.168.23
2025-08-14 14:29:51.482343,PayFlow Payroll,user20,api_call,1,GB,228.85.96.67
2025-08-15 01:26:06.482343,SalesSpark CRM,user8,api_call,1,IN,222.163.150.149
2025-08-15 02:12:07.482343,PayFlow Payroll,user13,login,1,IN,223.175.98.136
2025-08-14 16:33:40.482343,SalesSpark CRM,user10,login,1,JP,52.88.105.253
2025-08-15 02:05:35.482343,PayFlow Payroll,user30,api_call,1,SG,221.184.47.200
2025-08-14 09:38:58.482343,SalesSpark CRM,user12,api_call,1,DE,15.2.116.71
2025-08-14 13:56:26.482343,CloudBox Storage,user11,api_call,1,IN,41.126.202.196
2025-08-14 09:16:16.482343,SalesSpark CRM,user28,api_call,1,SG,104.110.248.123
2025-08-14 19:07:39.482343,CloudBox Storage,user35,login,1,SG,96.244.4.229
2025-08-14 17:56:30.482343,CloudBox Storage,user34,login,1,IN,174.2.161.188
2025-08-14 14:22:21.482343,SalesSpark CRM,user23,api_call,1,US,27.99.129.151
2025-08-14 16:17:41.482343,CloudBox Storage,user3,login,1,BR,75.117.187.134
2025-08-15 02:40:58.482343,PayFlow Payroll,user28,login,1,IN,35.88.231.126
2025-08-14 18:55:49.482343,CloudBox Storage,user11,api_call,1,BR,236.208.104.5
2025-08-15 14:53:45.482343,CloudBox Storage,user14,login,1,IN,151.130.44.32
2025-08-15 18:53:18.482343,SalesSpark CRM,user3,login,1,BR,164.66.198.137
2025-08-16 02:11:15.482343,PayFlow Payroll,user4,login,1,IN,168.215.6.13
2025-08-16 05:15:03.482343,CloudBox Storage,user29,api_call,1,BR,141.65.122.180
2025-08-15 11:21:21.482343,PayFlow Payroll,user1,api_call,1,IN,170.26.170.134
2025-08-15 15:47:15.482343,SalesSpark CRM,user9,api_call,1,IN,231.27.131.185
2025-08-16 02:14:55.482343,SalesSpark CRM,user8,api_call,1,DE,128.51.156.52
2025-08-15 16:01:10.482343,SalesSpark CRM,user13,api_call,1,SG,105.76.42.11
2025-08-16 00:39:35.482343,CloudBox Storage,user14,login,1,JP,124.85.61.1
2025-08-15 07:49:42.482343,CloudBox Storage,user8,login,1,US,172.127.39.244
2025-08-15 09:57:09.482343,PayFlow Payroll,user5,api_call,1,JP,26.232.66.165
2025-08-15 14:36:55.482343,CloudBox Storage,user17,login,1,IN,26.209.45.224
2025-08-15 09:01:55.482343,SalesSpark CRM,user24,api_call,1,IN,81.110.190.30
2025-08-15 11:02:25.482343,SalesSpark CRM,user3,file_download,0,GB,36.170.166.44
2025-08-15 17:30:34.482343,SalesSpark CRM,user29,login,1,BR,69.225.188.24
2025-08-15 18:59:58.482343,PayFlow Payroll,user12,api_call,0,SG,103.247.117.70
2025-08-15 19:52:31.482343,SalesSpark CRM,user31,api_call,1,IN,167.227.205.43
2025-08-15 10:16:21.482343,PayFlow Payroll,user4,config_change,1,JP,217.41.27.107
2025-08-16 01:38:28.482343,CloudBox Storage,user37,login,1,IN,47.157.98.200
2025-08-15 18:46:38.482343,SalesSpark CRM,user9,api_call,1,IN,125.29.228.106
2025-08-15 21:09:41.482343,PayFlow Payroll,user17,api_call,1,SG,4.181.223.174
2025-08-15 23:57:24.482343,PayFlow Payroll,user37,api_call,1,US,58.251.245.172
2025-08-15 17:41:10.482343,CloudBox Storage,user40,api_call,0,SG,170.187.64.124
2025-08-15 18:50:20.482343,SalesSpark CRM,user25,api_call,1,BR,212.143.229.253
2025-08-16 02:10:37.482343,CloudBox Storage,user11,login,1,IN,121.219.127.223
2025-08-15 12:12:25.482343,CloudBox Storage,user32,api_call,1,AE,85.249.72.13
2025-08-15 23:22:12.482343,CloudBox Storage,user25,login,1,BR,61.21.118.114
2025-08-16 01:35:42.482343,CloudBox Storage,user32,api_call,1,SG,31.252.128.191
2025-08-16 03:08:43.482343,PayFlow Payroll,user26,login,1,US,143.141.1.212
2025-08-15 09:58:15.482343,SalesSpark CRM,user40,api_call,1,IN,228.131.144.53
2025-08-16 03:50:06.482343,SalesSpark CRM,user22,login,1,SG,14.210.58.217
2025-08-15 21:29:12.482343,CloudBox Storage,user40,config_change,1,US,184.169.94.184
2025-08-15 21:14:43.482343,CloudBox Storage,user15,login,0,IN,91.213.163.247
2025-08-15 16:43:10.482343,SalesSpark CRM,user24,config_change,1,US,12.230.43.127
2025-08-15 12:00:22.482343,PayFlow Payroll,user27,api_call,0,GB,157.51.49.31
2025-08-15 19:21:06.482343,PayFlow Payroll,user13,login,1,US,28.194.107.12
2025-08-16 04:01:20.482343,PayFlow Payroll,user38,login,1,DE,229.116.118.169
2025-08-16 01:39:45.482343,PayFlow Payroll,user32,api_call,0,IN,189.13.142.240
2025-08-15 21:01:14.482343,PayFlow Payroll,user31,login,1,DE,200.236.234.46
2025-08-16 05:44:48.482343,CloudBox Storage,user9,api_call,0,DE,169.154.156.226
2025-08-15 17:40:33.482343,PayFlow Payroll,user25,api_call,1,SG,156.235.178.196
2025-08-15 14:25:02.482343,SalesSpark CRM,user22,login,1,BR,116.207.35.36
2025-08-15 20:46:21.482343,PayFlow Payroll,user33,login,1,IN,180.141.221.81
2025-08-16 05:55:36.482343,CloudBox Storage,user36,api_call,1,SG,52.54.160.183
2025-08-15 16:50:59.482343,SalesSpark CRM,user9,api_call,1,US,167.250.246.46
2025-08-15 23:42:21.482343,CloudBox Storage,user21,login,1,US,195.91.144.123
2025-08-16 01:44:19.482343,CloudBox Storage,user27,login,1,DE,229.216.137.74
2025-08-16 20:58:37.482343,SalesSpark CRM,user34,config_change,0,JP,98.38.14.172
2025-08-16 08:19:54.482343,PayFlow Payroll,user11,login,1,DE,175.65.38.215
2025-08-16 08:52:27.482343,SalesSpark CRM,user19,login,1,US,139.9.92.209
2025-08-16 21:14:16.482343,SalesSpark CRM,user36,login,1,DE,191.166.144.100
2025-08-16 14:40:27.482343,PayFlow Payroll,user19,login,1,US,13.238.98.100
2025-08-16 20:58:20.482343,CloudBox Storage,user21,login,1,IN,14.4.191.65
2025-08-16 13:47:32.482343,SalesSpark CRM,user29,login,1,US,234.163.181.182
2025-08-17 03:31:25.482343,CloudBox Storage,user38,file_download,1,IN,155.51.199.186
2025-08-16 13:26:05.482343,PayFlow Payroll,user12,file_download,1,GB,20.48.247.45
2025-08-17 06:39:44.482343,CloudBox Storage,user25,api_call,0,US,72.143.68.34
2025-08-16 12:45:31.482343,PayFlow Payroll,user17,login,0,IN,120.182.240.40
2025-08-16 08:17:36.482343,SalesSpark CRM,user21,login,1,US,199.239.161.158
2025-08-17 04:27:08.482343,SalesSpark CRM,user37,api_call,1,IN,19.201.182.82
2025-08-16 23:21:48.482343,PayFlow Payroll,user34,login,0,BR,130.41.107.140
2025-08-17 00:32:42.482343,PayFlow Payroll,user23,config_change,1,IN,55.170.85.85
2025-08-16 18:25:50.482343,CloudBox Storage,user40,login,1,IN,144.211.193.252
2025-08-17 03:07:44.482343,CloudBox Storage,user23,file_download,1,IN,232.165.158.236
2025-08-17 02:22:39.482343,CloudBox Storage,user21,api_call,1,US,204.242.30.99
2025-08-16 15:42:23.482343,SalesSpark CRM,user19,login,0,US,133.211.198.96
2025-08-16 23:59:09.482343,CloudBox Storage,user29,login,1,JP,76.230.167.50
2025-08-16 17:39:42.482343,CloudBox Storage,user7,api_call,1,US,245.198.138.137
2025-08-16 07:47:41.482343,CloudBox Storage,user14,file_download,1,IN,199.55.222.176
2025-08-16 21:00:43.482343,PayFlow Payroll,user14,config_change,1,DE,180.225.250.190
2025-08-16 20:49:29.482343,SalesSpark CRM,user5,login,1,US,40.7.118.184
2025-08-16 17:09:42.482343,CloudBox Storage,user5,api_call,0,AE,204.65.143.19
2025-08-17 01:59:51.482343,CloudBox Storage,user17,api_call,1,IN,116.162.104.111
2025-08-16 17:09:01.482343,PayFlow Payroll,user8,login,1,AE,165.185.159.17
2025-08-17 06:44:39.482343,PayFlow Payroll,user5,login,1,IN,129.28.75.202
2025-08-17 04:27:15.482343,CloudBox Storage,user6,login,1,IN,238.113.98.102
2025-08-17 04:09:07.482343,SalesSpark CRM,user11,api_call,1,US,35.192.101.204
2025-08-17 00:26:17.482343,CloudBox Storage,user10,file_download,1,SG,228.235.248.204
2025-08-17 06:49:00.482343,CloudBox Storage,user1,api_call,1,US,143.37.32.11
2025-08-16 07:44:15.482343,CloudBox Storage,user26,login,1,US,243.22.79.54
2025-08-17 06:55:34.482343,CloudBox Storage,user23,file_download,1,GB,232.166.218.132
2025-08-16 11:17:48.482343,PayFlow Payroll,user15,login,1,US,65.50.30.47
2025-08-17 04:59:13.482343,PayFlow Payroll,user4,api_call,1,IN,239.254.141.119
2025-08-17 03:42:41.482343,PayFlow Payroll,user19,api_call,1,US,65.26.51.186
2025-08-17 01:38:58.482343,CloudBox Storage,user23,api_call,1,IN,168.61.26.73
2025-08-17 02:12:34.482343,CloudBox Storage,user13,login,1,IN,116.85.158.169
2025-08-16 16:52:14.482343,SalesSpark CRM,user10,api_call,1,IN,94.207.81.246
2025-08-16 20:17:37.482343,SalesSpark CRM,user21,file_download,1,GB,57.183.190.165
2025-08-16 20:25:30.482343,CloudBox Storage,user24,login,1,AE,188.85.225.123
2025-08-16 21:35:59.482343,SalesSpark CRM,user20,login,1,IN,28.45.166.156
2025-08-16 10:00:54.482343,PayFlow Payroll,user9,file_download,1,US,51.68.188.227
2025-08-17 03:12:23.482343,PayFlow Payroll,user5,login,1,SG,218.130.162.8
2025-08-17 01:45:02.482343,SalesSpark CRM,user38,login,1,BR,10.142.67.140
2025-08-17 00:38:18.482343,SalesSpark CRM,user10,login,1,US,58.229.198.151
2025-08-17 07:01:55.482343,CloudBox Storage,user9,api_call,1,DE,131.24.102.94
2025-08-16 23:08:19.482343,PayFlow Payroll,user16,api_call,1,US,207.252.158.176
2025-08-16 12:56:09.482343,SalesSpark CRM,user9,api_call,1,IN,46.145.243.145
2025-08-17 05:02:46.482343,PayFlow Payroll,user31,api_call,1,IN,11.57.195.125
2025-08-16 14:11:53.482343,SalesSpark CRM,user24,file_download,1,IN,172.53.133.233
2025-08-16 18:32:07.482343,SalesSpark CRM,user30,login,1,IN,11.252.167.83
2025-08-16 10:53:10.482343,CloudBox Storage,user18,file_download,1,SG,68.149.140.146
2025-08-16 12:32:18.482343,CloudBox Storage,user25,login,1,DE,168.230.214.20
2025-08-16 23:24:01.482343,CloudBox Storage,user15,file_download,1,BR,91.210.223.89
2025-08-16 22:58:07.482343,PayFlow Payroll,user39,config_change,0,US,226.36.113.43
2025-08-16 14:12:09.482343,SalesSpark CRM,user18,api_call,1,DE,48.41.93.155
2025-08-17 05:59:44.482343,CloudBox Storage,user15,file_download,1,US,85.185.30.124
2025-08-17 04:38:07.482343,CloudBox Storage,user14,login,1,DE,166.214.106.6
2025-08-16 14:09:45.482343,PayFlow Payroll,user37,api_call,1,GB,35.162.132.11
2025-08-17 01:16:40.482343,CloudBox Storage,user11,api_call,1,IN,47.133.246.104
2025-08-17 02:44:17.482343,SalesSpark CRM,user2,api_call,1,US,187.170.211.73
2025-08-16 09:21:05.482343,SalesSpark CRM,user39,login,1,US,223.124.44.57
2025-08-16 20:45:46.482343,SalesSpark CRM,user38,login,1,US,47.160.169.131
2025-08-16 15:18:23.482343,PayFlow Payroll,user22,api_call,1,IN,153.152.18.59
2025-08-16 19:31:45.482343,CloudBox Storage,user7,api_call,0,BR,134.221.233.130
2025-08-17 04:34:29.482343,CloudBox Storage,user10,login,1,IN,46.122.231.158
2025-08-17 09:04:27.482343,CloudBox Storage,user35,login,1,SG,31.24.124.169
2025-08-17 12:05:15.482343,PayFlow Payroll,user35,api_call,1,US,230.241.199.174
2025-08-18 03:35:10.482343,SalesSpark CRM,user27,login,1,AE,12.179.136.110
2025-08-17 14:59:07.482343,PayFlow Payroll,user25,login,1,SG,206.190.233.195
2025-08-18 05:43:43.482343,CloudBox Storage,user28,api_call,1,IN,123.197.60.233
2025-08-17 09:26:15.482343,CloudBox Storage,user35,file_download,1,IN,49.2.182.191
2025-08-17 07:44:10.482343,SalesSpark CRM,user8,login,1,DE,97.168.53.177
2025-08-17 17:34:00.482343,PayFlow Payroll,user7,api_call,1,IN,167.150.65.67
2025-08-18 00:35:13.482343,CloudBox Storage,user24,login,1,IN,254.175.102.194
2025-08-17 13:34:12.482343,PayFlow Payroll,user36,file_download,1,GB,95.144.143.124
2025-08-17 15:27:13.482343,SalesSpark CRM,user23,api_call,1,SG,102.189.36.219
2025-08-18 04:15:24.482343,CloudBox Storage,user15,file_download,1,SG,180.244.42.26
2025-08-17 13:40:02.482343,PayFlow Payroll,user22,login,1,US,158.179.176.181
2025-08-17 08:18:01.482343,PayFlow Payroll,user1,file_download,1,US,211.38.121.238
2025-08-18 02:34:42.482343,PayFlow Payroll,user5,config_change,1,IN,95.21.156.10
2025-08-18 06:32:36.482343,PayFlow Payroll,user26,login,1,SG,134.74.183.247
2025-08-18 02:11:26.482343,SalesSpark CRM,user12,login,1,GB,113.3.52.218
2025-08-18 05:07:28.482343,CloudBox Storage,user34,file_download,1,BR,9.201.154.131
2025-08-17 23:51:51.482343,SalesSpark CRM,user40,login,1,AE,10.93.62.168
2025-08-17 07:17:42.482343,SalesSpark CRM,user18,login,1,BR,91.172.102.104
2025-08-18 01:20:10.482343,CloudBox Storage,user1,file_download,1,IN,18.236.24.141
2025-08-17 16:54:30.482343,SalesSpark CRM,user36,api_call,1,IN,90.89.247.209
2025-08-17 15:22:15.482343,CloudBox Storage,user13,login,1,US,104.148.2.67
2025-08-17 12:34:09.482343,CloudBox Storage,user7,api_call,1,IN,129.76.88.243
2025-08-17 10:59:09.482343,CloudBox Storage,user17,api_call,1,IN,209.204.148.65
2025-08-18 05:36:01.482343,SalesSpark CRM,user37,file_download,1,SG,63.194.87.247
2025-08-17 21:51:06.482343,PayFlow Payroll,user38,file_download,1,IN,124.30.67.18
2025-08-17 19:48:27.482343,CloudBox Storage,user15,login,1,BR,59.205.81.106
2025-08-17 18:41:11.482343,CloudBox Storage,user1,api_call,1,AE,68.64.74.24
2025-08-17 19:51:24.482343,SalesSpark CRM,user22,api_call,0,IN,239.46.122.81
2025-08-17 18:21:34.482343,SalesSpark CRM,user37,api_call,1,IN,243.192.175.239
2025-08-17 13:39:24.482343,CloudBox Storage,user13,file_download,1,SG,62.224.68.53
2025-08-17 14:20:30.482343,SalesSpark CRM,user16,file_download,1,DE,92.40.200.28
2025-08-17 11:05:42.482343,PayFlow Payroll,user32,login,1,IN,196.220.139.246
2025-08-17 09:02:07.482343,PayFlow Payroll,user24,api_call,1,DE,127.230.253.226
2025-08-18 02:02:54.482343,SalesSpark CRM,user32,login,1,DE,196.235.131.72
2025-08-17 19:22:25.482343,PayFlow Payroll,user37,api_call,1,SG,135.205.109.123
2025-08-18 00:10:09.482343,CloudBox Storage,user23,api_call,1,IN,176.199.45.118
2025-08-17 10:52:10.482343,PayFlow Payroll,user30,login,1,SG,3.4.173.54
2025-08-17 19:44:43.482343,SalesSpark CRM,user21,api_call,1,SG,221.67.48.141
2025-08-17 15:22:54.482343,PayFlow Payroll,user31,api_call,1,IN,88.94.48.128
2025-08-17 20:21:03.482343,CloudBox Storage,user24,login,1,US,103.72.116.47
2025-08-18 01:16:13.482343,CloudBox Storage,user15,login,1,IN,185.70.206.61
2025-08-18 00:35:31.482343,SalesSpark CRM,user25,login,1,US,205.246.190.39
2025-08-17 22:58:37.482343,CloudBox Storage,user12,api_call,1,IN,35.229.218.162
2025-08-17 23:42:23.482343,CloudBox Storage,user21,api_call,1,IN,77.65.144.220
2025-08-18 01:11:02.482343,CloudBox Storage,user7,login,1,IN,16.56.209.66
2025-08-17 23:01:17.482343,CloudBox Storage,user7,login,1,BR,86.67.93.93
2025-08-18 00:43:36.482343,PayFlow Payroll,user17,api_call,1,IN,106.32.90.223
2025-08-18 04:45:49.482343,SalesSpark CRM,user37,login,1,IN,167.138.45.251
2025-08-17 16:29:57.482343,PayFlow Payroll,user33,login,1,IN,189.115.228.21
2025-08-17 19:46:55.482343,PayFlow Payroll,user30,file_download,1,US,38.223.43.164
2025-08-17 17:34:17.482343,SalesSpark CRM,user40,config_change,1,IN,218.233.19.21
2025-08-17 12:28:51.482343,CloudBox Storage,user21,login,1,US,75.182.69.155
2025-08-18 03:32:54.482343,PayFlow Payroll,user29,file_download,1,SG,241.93.192.151
2025-08-17 23:36:03.482343,PayFlow Payroll,user11,login,1,BR,6.33.187.61
2025-08-18 04:24:24.482343,SalesSpark CRM,user6,api_call,1,IN,102.27.25.17
2025-08-17 22:42:40.482343,PayFlow Payroll,user2,login,1,IN,135.196.22.27
2025-08-17 15:46:46.482343,CloudBox Storage,user6,api_call,1,SG,227.100.80.59
2025-08-07 08:54:55.482343,PayFlow Payroll,user29,login,0,ZA,161.33.34.135
2025-08-18 05:17:38.482343,PayFlow Payroll,user3,login,0,RU,170.92.221.235
2025-08-10 07:03:07.482343,PayFlow Payroll,user30,login,0,ZA,250.223.139.240
2025-08-08 08:43:05.482343,PayFlow Payroll,user9,login,0,RU,249.243.179.139
2025-08-06 09:45:15.482343,PayFlow Payroll,user30,login,0,BR,162.192.163.225
2025-08-13 10:35:10.482343,PayFlow Payroll,user35,login,0,ZA,80.233.89.124
2025-08-12 10:22:28.482343,PayFlow Payroll,user6,login,0,RU,114.79.94.106
2025-08-08 07:16:56.482343,PayFlow Payroll,user1,login,0,ZA,1.134.209.195
2025-08-17 08:15:59.482343,PayFlow Payroll,user19,login,0,BR,121.137.3.177
2025-08-12 06:56:07.482343,PayFlow Payroll,user20,login,0,RU,3.197.111.205
2025-08-09 06:45:51.482343,PayFlow Payroll,user1,login,0,CN,141.96.49.106
2025-08-13 06:35:02.482343,PayFlow Payroll,user16,login,0,RU,42.184.189.166
2025-08-10 08:01:01.482343,PayFlow Payroll,user15,login,0,CN,68.21.109.161
2025-08-07 08:41:25.482343,PayFlow Payroll,user40,login,0,BR,207.178.176.70
2025-08-08 09:49:24.482343,PayFlow Payroll,user35,login,0,RU,208.69.106.49
2025-08-17 08:11:48.482343,PayFlow Payroll,user9,login,0,CN,75.29.164.117
2025-08-13 08:35:54.482343,PayFlow Payroll,user40,login,0,BR,126.49.83.5
2025-08-07 05:11:11.482343,PayFlow Payroll,user2,login,0,RU,48.249.27.73
2025-08-08 07:16:22.482343,PayFlow Payroll,user29,login,0,BR,187.3.60.24
2025-08-06 10:08:08.482343,PayFlow Payroll,user14,login,0,BR,88.108.80.202
2025-08-16 10:39:00.482343,PayFlow Payroll,user30,login,0,CN,179.203.9.85
2025-08-05 10:01:25.482343,PayFlow Payroll,user10,login,0,RU,15.69.199.101
2025-08-05 08:42:07.482343,PayFlow Payroll,user12,login,0,RU,50.230.216.65
2025-08-18 05:32:30.482343,PayFlow Payroll,user1,login,0,BR,32.250.197.183
2025-08-08 05:32:26.482343,PayFlow Payroll,user29,login,0,ZA,64.189.9.51
2025-08-11 08:55:26.482343,PayFlow Payroll,user7,login,0,RU,134.171.252.54
2025-08-11 07:32:20.482343,PayFlow Payroll,user20,login,0,CN,240.83.41.162
2025-08-15 10:10:24.482343,PayFlow Payroll,user36,login,0,BR,134.32.65.124
2025-08-14 09:26:49.482343,PayFlow Payroll,user24,login,0,RU,228.14.222.171
2025-08-08 06:14:52.482343,PayFlow Payroll,user28,login,0,RU,84.4.43.204
2025-08-09 06:44:44.482343,PayFlow Payroll,user26,login,0,CN,203.63.3.249
2025-08-04 11:45:27.482343,PayFlow Payroll,user31,login,0,RU,177.153.40.96
2025-08-17 05:12:52.482343,PayFlow Payroll,user11,login,0,RU,128.24.176.159
2025-08-10 07:07:25.482343,PayFlow Payroll,user4,login,0,BR,16.92.166.40
2025-08-15 07:42:27.482343,PayFlow Payroll,user7,login,0,BR,33.125.60.82
2025-08-12 07:58:18.482343,PayFlow Payroll,user23,login,0,CN,207.229.113.188
2025-08-07 10:09:21.482343,PayFlow Payroll,user25,login,0,RU,92.186.35.65
2025-08-05 05:39:22.482343,PayFlow Payroll,user29,login,0,BR,144.76.139.179
2025-08-11 08:20:13.482343,PayFlow Payroll,user12,login,0,ZA,140.90.83.188
2025-08-11 09:25:32.482343,PayFlow Payroll,user39,login,0,RU,235.221.142.42
2025-08-06 06:40:46.482343,PayFlow Payroll,user29,login,0,RU,76.210.68.139
2025-08-09 11:36:37.482343,PayFlow Payroll,user33,login,0,CN,98.188.48.227
2025-08-04 08:47:31.482343,PayFlow Payroll,user24,login,0,CN,199.159.62.83
2025-08-15 10:12:19.482343,PayFlow Payroll,user35,login,0,ZA,210.100.49.135
2025-08-14 08:39:26.482343,PayFlow Payroll,user36,login,0,ZA,40.157.73.83
2025-08-10 09:48:57.482343,PayFlow Payroll,user8,login,0,BR,25.134.169.18
2025-08-04 11:00:45.482343,PayFlow Payroll,user12,login,0,ZA,224.9.52.28
2025-08-12 06:19:43.482343,PayFlow Payroll,user3,login,0,RU,147.165.215.100
2025-08-15 06:39:10.482343,PayFlow Payroll,user40,login,0,BR,180.152.66.13
2025-08-09 09:22:15.482343,PayFlow Payroll,user5,login,0,ZA,4.239.236.54
2025-08-14 08:39:36.482343,PayFlow Payroll,user6,login,0,BR,120.206.164.16
2025-08-09 07:43:24.482343,PayFlow Payroll,user27,login,0,CN,211.95.204.182
2025-08-04 11:00:16.482343,PayFlow Payroll,user18,login,0,ZA,136.11.188.19
2025-08-17 07:26:41.482343,PayFlow Payroll,user14,login,0,ZA,246.133.25.26
2025-08-16 06:22:11.482343,PayFlow Payroll,user25,login,0,CN,49.50.135.169
2025-08-07 10:44:17.482343,PayFlow Payroll,user12,login,0,RU,143.192.143.107
2025-08-16 06:14:26.482343,PayFlow Payroll,user37,login,0,ZA,92.173.118.180
2025-08-14 11:35:33.482343,PayFlow Payroll,user7,login,0,ZA,43.203.47.141
2025-08-10 07:39:58.482343,PayFlow Payroll,user11,login,0,RU,137.154.114.239
2025-08-10 07:04:57.482343,PayFlow Payroll,user36,login,0,ZA,254.84.217.96
2025-08-10 09:56:17.482343,PayFlow Payroll,user28,login,0,RU,212.186.83.156
2025-08-07 08:44:11.482343,PayFlow Payroll,user14,login,0,ZA,97.197.141.238
2025-08-15 08:24:00.482343,PayFlow Payroll,user29,login,0,ZA,115.246.102.1
2025-08-15 09:09:55.482343,PayFlow Payroll,user39,login,0,BR,5.133.35.228
2025-08-09 06:07:56.482343,PayFlow Payroll,user15,login,0,BR,55.220.81.6
2025-08-16 10:00:21.482343,PayFlow Payroll,user18,login,0,CN,236.142.131.143
2025-08-13 10:07:13.482343,PayFlow Payroll,user10,login,0,RU,25.10.118.92
2025-08-06 07:15:53.482343,PayFlow Payroll,user24,login,0,CN,228.150.64.60
2025-08-08 11:58:56.482343,PayFlow Payroll,user6,login,0,ZA,147.103.146.235
2025-08-07 08:53:41.482343,PayFlow Payroll,user21,login,0,ZA,203.124.45.125
2025-08-17 11:05:21.482343,PayFlow Payroll,user37,login,0,ZA,210.233.25.153
2025-08-14 10:26:39.482343,PayFlow Payroll,user37,login,0,CN,98.21.200.15
2025-08-16 07:28:59.482343,PayFlow Payroll,user28,login,0,BR,107.239.223.31
2025-08-17 10:56:51.482343,PayFlow Payroll,user39,login,0,RU,238.3.163.200
2025-08-14 11:31:40.482343,PayFlow Payroll,user20,login,0,CN,135.11.82.139
2025-08-13 11:16:57.482343,PayFlow Payroll,user33,login,0,CN,179.57.40.13
2025-08-14 09:54:02.482343,PayFlow Payroll,user29,login,0,BR,193.153.148.130
2025-08-05 09:22:04.482343,PayFlow Payroll,user19,login,0,RU,202.101.38.34
2025-08-09 10:13:07.482343,PayFlow Payroll,user37,login,0,CN,191.13.141.103
2025-08-08 09:13:02.482343,PayFlow Payroll,user33,login,0,CN,112.199.179.34
2025-08-17 05:16:07.482343,PayFlow Payroll,user36,login,0,BR,51.125.102.167
2025-08-13 09:20:12.482343,PayFlow Payroll,user40,login,0,CN,189.135.64.63
2025-08-05 09:25:26.482343,PayFlow Payroll,user28,login,0,CN,83.176.237.148
2025-08-06 05:15:19.482343,PayFlow Payroll,user27,login,0,BR,109.94.90.49
2025-08-09 11:30:15.482343,PayFlow Payroll,user2,login,0,BR,198.79.44.253
2025-08-09 11:47:29.482343,PayFlow Payroll,user29,login,0,CN,160.38.113.12
2025-08-17 08:21:49.482343,PayFlow Payroll,user24,login,0,RU,40.194.187.219
2025-08-05 08:15:24.482343,PayFlow Payroll,user4,login,0,RU,63.243.159.238
2025-08-06 12:03:30.482343,PayFlow Payroll,user19,login,0,CN,4.88.178.206
2025-08-05 10:27:05.482343,PayFlow Payroll,user31,login,0,RU,6.85.54.190
2025-08-12 09:20:50.482343,PayFlow Payroll,user35,login,0,BR,134.193.67.141
2025-08-12 05:47:23.482343,PayFlow Payroll,user10,login,0,ZA,178.179.172.5
2025-08-10 08:45:34.482343,PayFlow Payroll,user34,login,0,ZA,12.66.44.16
2025-08-08 07:20:27.482343,PayFlow Payroll,user40,login,0,RU,70.14.120.168
2025-08-04 11:12:01.482343,PayFlow Payroll,user18,login,0,RU,170.219.234.169
2025-08-09 10:02:43.482343,PayFlow Payroll,user2,login,0,BR,75.223.227.167
2025-08-11 05:22:01.482343,PayFlow Payroll,user33,login,0,ZA,251.182.26.232
2025-08-09 07:39:32.482343,PayFlow Payroll,user39,login,0,RU,137.23.48.51
2025-08-13 05:37:12.482343,PayFlow Payroll,user2,login,0,ZA,11.64.237.136
2025-08-08 11:29:08.482343,PayFlow Payroll,user26,login,0,RU,191.41.5.89
2025-08-14 07:29:59.482343,PayFlow Payroll,user20,login,0,RU,61.251.251.129
2025-08-08 11:58:40.482343,PayFlow Payroll,user17,login,0,CN,225.100.228.209
2025-08-04 11:42:54.482343,PayFlow Payroll,user15,login,0,CN,39.88.230.101
2025-08-14 11:15:42.482343,PayFlow Payroll,user25,login,0,BR,134.246.174.157
2025-08-18 06:48:20.482343,PayFlow Payroll,user15,login,0,BR,107.62.147.40
2025-08-10 09:27:35.482343,PayFlow Payroll,user39,login,0,CN,85.115.139.34
2025-08-07 08:48:45.482343,PayFlow Payroll,user38,login,0,ZA,139.176.205.52
2025-08-17 11:15:56.482343,PayFlow Payroll,user34,login,0,BR,233.35.111.233
2025-08-16 08:17:18.482343,PayFlow Payroll,user37,login,0,RU,235.41.82.18
2025-08-12 11:42:23.482343,PayFlow Payroll,user8,login,0,CN,48.82.215.226
2025-08-07 06:53:38.482343,PayFlow Payroll,user21,login,0,ZA,226.250.106.247
2025-08-10 11:27:05.482343,PayFlow Payroll,user18,login,0,ZA,39.200.49.28
2025-08-06 09:18:38.482343,PayFlow Payroll,user40,login,0,BR,158.69.156.146
2025-08-13 10:22:15.482343,PayFlow Payroll,user15,login,0,BR,60.176.7.92
2025-08-05 07:52:26.482343,PayFlow Payroll,user31,login,0,ZA,35.129.217.155
2025-08-12 06:53:18.482343,PayFlow Payroll,user24,login,0,ZA,48.219.100.126
2025-08-11 11:15:47.482343,PayFlow Payroll,user13,login,0,BR,58.9.105.196
2025-08-04 12:06:54.482343,PayFlow Payroll,user27,login,0,BR,57.191.172.253
2025-08-07 08:55:50.482343,PayFlow Payroll,user5,login,0,BR,46.238.245.253
2025-08-11 11:03:16.482343,PayFlow Payroll,user32,login,0,BR,177.84.222.118
2025-08-07 11:35:02.482343,CloudBox Storage,user3,api_call,1,IN,156.189.212.98
2025-08-15 09:28:02.482343,CloudBox Storage,user40,api_call,1,US,241.191.147.153
2025-08-12 07:41:18.482343,CloudBox Storage,user3,api_call,1,US,134.28.116.117
2025-08-17 10:03:39.482343,CloudBox Storage,user16,api_call,1,IN,133.138.102.252
2025-08-15 11:10:12.482343,CloudBox Storage,user25,api_call,1,IN,133.196.162.247
2025-08-04 07:19:55.482343,CloudBox Storage,user29,api_call,1,IN,102.227.78.199
2025-08-17 10:26:06.482343,CloudBox Storage,user11,api_call,1,US,109.76.157.236
2025-08-04 09:52:10.482343,CloudBox Storage,user10,api_call,1,SG,119.213.166.116
2025-08-05 09:54:09.482343,CloudBox Storage,user8,api_call,1,IN,47.200.150.241
2025-08-15 08:41:45.482343,CloudBox Storage,user26,api_call,1,SG,106.83.116.7
2025-08-06 11:37:14.482343,CloudBox Storage,user13,api_call,1,SG,226.117.24.65
2025-08-09 10:52:18.482343,CloudBox Storage,user11,api_call,1,US,184.188.32.24
2025-08-05 11:53:05.482343,CloudBox Storage,user24,api_call,1,US,22.135.182.99
2025-08-15 09:58:09.482343,CloudBox Storage,user40,api_call,1,SG,244.41.97.141
2025-08-10 10:10:26.482343,CloudBox Storage,user11,api_call,1,IN,234.86.145.224
2025-08-14 08:02:46.482343,CloudBox Storage,user11,api_call,1,IN,223.38.46.197
2025-08-15 08:11:03.482343,CloudBox Storage,user20,api_call,1,US,80.187.197.247
2025-08-11 07:26:17.482343,CloudBox Storage,user12,api_call,1,SG,31.231.34.246
2025-08-07 09:08:16.482343,CloudBox Storage,user17,api_call,1,US,4.118.128.219
2025-08-11 10:42:28.482343,CloudBox Storage,user1,api_call,1,US,156.226.127.61
2025-08-07 08:45:19.482343,CloudBox Storage,user31,api_call,1,US,117.105.114.21
2025-08-13 09:45:37.482343,CloudBox Storage,user16,api_call,1,IN,226.141.72.159
2025-08-14 09:43:29.482343,CloudBox Storage,user14,api_call,1,SG,13.48.38.15
2025-08-14 07:29:39.482343,CloudBox Storage,user10,api_call,1,SG,219.9.171.148
2025-08-17 08:45:56.482343,CloudBox Storage,user22,api_call,1,IN,236.23.13.28
2025-08-10 09:18:47.482343,CloudBox Storage,user19,api_call,1,IN,157.170.178.180
2025-08-13 09:44:27.482343,CloudBox Storage,user36,api_call,1,US,46.248.117.192
2025-08-13 10:31:36.482343,CloudBox Storage,user3,api_call,1,SG,24.197.77.83
2025-08-09 11:05:01.482343,CloudBox Storage,user5,api_call,1,SG,195.110.216.141
2025-08-05 11:26:07.482343,CloudBox Storage,user9,api_call,1,SG,32.178.221.71
2025-08-09 07:41:03.482343,CloudBox Storage,user34,api_call,1,IN,54.179.54.157
2025-08-04 07:14:13.482343,CloudBox Storage,user34,api_call,1,IN,253.23.124.186
2025-08-15 07:46:36.482343,CloudBox Storage,user19,api_call,1,IN,110.156.218.82
2025-08-08 09:41:13.482343,CloudBox Storage,user40,api_call,1,SG,91.238.34.158
2025-08-13 09:39:10.482343,CloudBox Storage,user32,api_call,1,SG,127.207.47.227
2025-08-13 11:22:22.482343,CloudBox Storage,user19,api_call,1,IN,251.50.1.31
2025-08-04 11:37:17.482343,CloudBox Storage,user8,api_call,1,SG,189.218.54.205
2025-08-13 08:34:03.482343,CloudBox Storage,user3,api_call,1,US,86.90.144.207
2025-08-14 11:20:37.482343,CloudBox Storage,user13,api_call,1,US,177.73.66.203
2025-08-05 09:26:56.482343,CloudBox Storage,user33,api_call,1,SG,141.83.197.2
2025-08-05 08:50:58.482343,CloudBox Storage,user22,api_call,1,US,102.186.146.158
2025-08-04 12:00:48.482343,CloudBox Storage,user13,api_call,1,US,85.214.87.237
2025-08-14 07:38:35.482343,CloudBox Storage,user31,api_call,1,SG,205.10.166.35
2025-08-11 07:17:17.482343,CloudBox Storage,user30,api_call,1,US,229.222.138.230
2025-08-09 09:37:27.482343,CloudBox Storage,user27,api_call,1,SG,238.191.15.214
2025-08-12 08:27:13.482343,CloudBox Storage,user21,api_call,1,US,143.138.5.54
2025-08-13 07:50:58.482343,CloudBox Storage,user23,api_call,1,SG,17.249.39.72
2025-08-17 09:08:58.482343,CloudBox Storage,user25,api_call,1,IN,161.137.216.43
2025-08-13 10:46:01.482343,CloudBox Storage,user12,api_call,1,IN,153.30.222.201
2025-08-16 11:27:22.482343,CloudBox Storage,user21,api_call,1,IN,182.9.70.106
2025-08-05 11:39:33.482343,CloudBox Storage,user16,api_call,1,IN,96.116.213.244
2025-08-08 11:21:10.482343,CloudBox Storage,user20,api_call,1,IN,45.29.96.201
2025-08-04 07:56:49.482343,CloudBox Storage,user6,api_call,1,SG,114.130.7.205
2025-08-11 09:05:09.482343,CloudBox Storage,user10,api_call,1,SG,49.88.237.124
2025-08-15 08:03:10.482343,CloudBox Storage,user20,api_call,1,US,199.84.37.197
2025-08-17 10:14:29.482343,CloudBox Storage,user34,api_call,1,US,174.34.53.186
2025-08-04 09:37:01.482343,CloudBox Storage,user34,api_call,1,SG,30.2.80.239
2025-08-04 09:51:31.482343,CloudBox Storage,user39,api_call,1,US,224.23.86.120
2025-08-04 10:14:10.482343,CloudBox Storage,user20,api_call,1,IN,6.148.195.80
2025-08-14 12:04:50.482343,CloudBox Storage,user21,api_call,1,US,52.50.74.71
